n,width_lower,width_upper,comp_lower,comp_upper
52,8.75,12.0,0.4447586726998492,0.5524132730015083
