partial_pearson,partial_spearman,permutation_p_abs_pearson,n,target_col,x_col,n_controls,n_rows
0.39613368712258507,0.34741701492175714,0.0004997501249375312,4488.0,is_winner_eval,mean_I_cg,12.0,4488.0
-0.5030303128444114,-0.4873809292118398,0.0004997501249375312,4488.0,rank_eval,mean_I_cg,12.0,4488.0
