perturb,transform,n_obs,n_blocks,rho_pooled,p_pooled,rho_stratified,p_stratified,mean_within_rho,neg_fraction
p05,raw,576,18,-0.1099757616858815,0.0069965017491254375,-0.058121537960247625,0.15892053973013492,-0.058121537960247625,0.5555555555555556
p05,demeaned,576,18,-0.09286884937080853,0.03248375812093953,-0.058121537960247625,0.15892053973013492,-0.058121537960247625,0.5555555555555556
p05,residualized,576,18,-0.1359441639665436,0.0014992503748125937,-0.08604187031606386,0.04597701149425287,-0.08604187031606386,0.5555555555555556
p10,raw,576,18,-0.1206386105041067,0.0029985007496251873,0.011119257086999021,0.7941029485257372,0.011119257086999021,0.4444444444444444
p10,demeaned,576,18,0.0007925803129631025,0.9875062468765617,0.011119257086999021,0.7941029485257372,0.011119257086999021,0.4444444444444444
p10,residualized,576,18,-0.1368788461055434,0.0009995002498750624,-0.10048061257738679,0.01699150424787606,-0.10048061257738679,0.6111111111111112
p20,raw,576,18,-0.2501073769874162,0.0004997501249375312,-0.021199902248289344,0.6301849075462269,-0.021199902248289344,0.5555555555555556
p20,demeaned,576,18,-0.04159407731143094,0.3268365817091454,-0.021199902248289344,0.6301849075462269,-0.021199902248289344,0.5555555555555556
p20,residualized,576,18,-0.25866475774244596,0.0004997501249375312,-0.19183773216031277,0.0004997501249375312,-0.19183773216031277,0.7222222222222222
