n_perm,n_blocks,obs_mean_spearman,p_abs_mean_spearman,icg_variant,n,keep_ratio,gamma
1000.0,11.0,0.4493506493506494,0.000999000999000999,drift,52.0,0.6,0.2
1000.0,11.0,0.6623376623376624,0.000999000999000999,full,52.0,0.6,0.2
1000.0,11.0,0.6987012987012988,0.000999000999000999,no_switch,52.0,0.6,0.2
1000.0,11.0,0.6987012987012988,0.000999000999000999,rank,52.0,0.6,0.2
1000.0,11.0,0.6415584415584416,0.000999000999000999,switch,52.0,0.6,0.2
