n_blocks_total,n_perm,blockperm_obs_abs_mean_spearman,blockperm_p_abs_mean_spearman,icg_variant,n_blocks,mean_spearman_obs
55.0,20000.0,0.6301298701298703,4.999750012499375e-05,drift,11.0,0.4493506493506494
55.0,20000.0,0.6301298701298703,4.999750012499375e-05,full,11.0,0.6623376623376624
55.0,20000.0,0.6301298701298703,4.999750012499375e-05,no_switch,11.0,0.6987012987012987
55.0,20000.0,0.6301298701298703,4.999750012499375e-05,rank,11.0,0.6987012987012987
55.0,20000.0,0.6301298701298703,4.999750012499375e-05,switch,11.0,0.6415584415584416
