family,n_samples,mean_log_H,mean_hierarchy_integration_index,mean_layer_count,mean_mean_layer_gap,mean_antichain_width,mean_comparable_fraction,mean_geo_dim_eff
KR_like,148,86.60978526202595,-1.102974962974227,3.0,1.334222688557831,21.54054054054054,0.38251356404368875,2.7103186157378674
lorentzian_like_2d,148,63.68127385842763,1.1346754862919164,9.094594594594595,3.807982158365938,9.10135135135135,0.49998985406292173,2.0054608756224694
lorentzian_like_3d,124,88.74992683931376,0.2123163783795699,5.096774193548387,2.250032282256787,16.056451612903224,0.2895130182279769,3.2683218906321385
lorentzian_like_4d,124,100.62778755601705,-0.25015248685552144,3.629032258064516,1.646657924096576,21.346774193548388,0.17489181147667318,3.956049131139961
