feature,mean,std,min,max
locality_dominance_delta_index,5.709530079682703,1.8876478532760717,2.188177339901478,8.64571109123987
hierarchy_integration_delta_index,-5.6608244806898504,1.8758950583101657,-8.582362674950279,-2.14679802955665
layer_count_delta_mlr_minus_lor2d,-4.1,1.3439205515876271,-6.0,-2.0
mean_layer_gap_delta_mlr_minus_lor2d,-1.4377768120982133,0.5375034899624828,-2.400963563653189,-0.22660098522167482
adjacent_edge_fraction_delta_mlr_minus_lor2d,0.07370023404403175,0.027107031056417083,-0.029556650246305383,0.11909784534904841
long_edge_fraction_delta_mlr_minus_lor2d,-0.07370023404403177,0.027107031056417073,-0.11909784534904821,0.029556650246305383
reduction_edge_density_delta_mlr_minus_lor2d,0.024352799496426804,0.012578882803772718,0.0,0.05977011494252871
cover_density_delta_mlr_minus_lor2d,0.024352799496426804,0.012578882803772718,0.0,0.05977011494252871
layer_signature_redundancy_delta_mlr_minus_lor2d,-0.027211232792780385,0.028514326770972667,-0.0928571428571428,0.0619047619047619
