n,n_cg,keep_ratio,gamma,action_mode,family,mean_score_local,mean_score_augmented,mean_score_augmented_full,mean_penalty_cg,mean_penalty_global_consistency,mean_self_drift,family_switch_rate,mean_rank_shift,mean_gc_var_comp,mean_gc_var_d_eff,count,rank_local,rank_augmented_cg,rank_augmented_full,rank_delta_due_to_cg_penalty,rank_delta_due_to_full_penalty
52,31,0.6,0.2,A2,KR_like,-49.621284016978954,-49.5046461228933,-49.5046461228933,0.11663789408565593,0.0,0.007636011630787817,0.011111111111111112,0.04722222222222222,0.0,3.4950920661875383e-31,720,2,1,1,-1,-1
52,31,0.6,0.2,A2,transitive_percolation,-49.155698899898034,-48.71723431483616,-48.71723431483616,0.4384645850618766,0.008098531958679609,0.013568680728409877,0.14722222222222223,0.1638888888888889,0.0394234759490804,0.6940803359136991,720,3,2,2,-1,-1
52,31,0.6,0.2,A2,multi_layer_random,-50.20434504723364,-48.66638481896363,-48.66638481896363,1.5379602282700122,0.006091730604958019,0.014837689493667905,0.5875,1.0166666666666666,0.018309189428520084,0.6372594305127379,720,1,3,3,2,2
52,31,0.6,0.2,A2,interval_order,-41.490425218615385,-40.67570050874334,-40.67570050874334,0.8147247098720412,0.001646522240550964,0.013625248764981899,0.3277777777777778,0.3736111111111111,0.03261610653166123,1.052120803162212,720,5,4,4,-1,-1
52,31,0.6,0.2,A2,random_layered_k6_uniform,-42.19734357013082,-40.46477339548019,-40.46477339548019,1.7325701746506268,0.0006756770627265536,0.009368128576173805,0.7361111111111112,1.0694444444444444,0.03196391275700814,0.9863046041568518,720,4,5,5,1,1
52,31,0.6,0.2,A2,lorentzian_like_2d,-39.376845799035145,-38.35814959741399,-38.35814959741399,1.0186962016211492,0.001679231089938969,0.007980731273226023,0.38055555555555554,0.7361111111111112,0.04382804449824989,1.1923702663535818,720,6,6,6,0,0
