closure,xi45_median,rel_err,beta_h0,beta_corr,xi45_values
P_occ,11.325730830607682,0.002124318561964893,0.93426693589911,0.13152484094420003,"8.37, 9.95, 10.85, 11.33, 11.49, 11.53, 11.42"
1-ell_MC,10.58715499929706,0.06719798771283302,0.9354947419174884,0.17315683509168217,"8.45, 9.84, 10.51, 10.79, 10.84, 10.77, 10.59"
P_gamma,10.568931593272625,0.0688035965672842,0.9359939555968574,0.16430217291910876,"8.38, 9.77, 10.45, 10.75, 10.80, 10.74, 10.57"
1-ell_(2),8.601123209640669,0.24218120558210646,0.962554257904243,0.055653712817434316,"7.48, 8.52, 8.93, 8.96, 8.82, 8.60, 8.47"
