n_perm,n_blocks,obs_mean_spearman,p_abs_mean_spearman,icg_variant,n,keep_ratio,gamma
200000.0,11.0,0.7807704652821869,4.9999750001249995e-06,full,30.0,0.6,0.2
200000.0,11.0,0.7162263852978464,4.9999750001249995e-06,no_switch,30.0,0.6,0.2
200000.0,11.0,0.8104127288128585,4.9999750001249995e-06,switch,30.0,0.6,0.2
