n,width_lower,width_upper,comp_lower,comp_upper
56,9.0,12.0,0.45795454545454545,0.5449675324675325
