n_perm,n_blocks,obs_mean_spearman,p_abs_mean_spearman,icg_variant,n,keep_ratio,gamma
1000.0,11.0,-0.3142857142857142,0.015984015984015984,drift,52.0,0.7,0.2
1000.0,11.0,0.17402597402597406,0.1968031968031968,full,52.0,0.7,0.2
1000.0,11.0,-0.1636363636363636,0.23476523476523475,no_switch,52.0,0.7,0.2
1000.0,11.0,-0.1636363636363636,0.23876123876123875,rank,52.0,0.7,0.2
1000.0,11.0,0.0025974025974026082,0.9760239760239761,switch,52.0,0.7,0.2
