n_blocks_total,n_perm,blockperm_obs_abs_mean_spearman,blockperm_p_abs_mean_spearman,icg_variant,n_blocks,mean_spearman_obs
55.0,20000.0,0.09298701298701298,0.12294385280735963,drift,11.0,-0.3142857142857142
55.0,20000.0,0.09298701298701298,0.12294385280735963,full,11.0,0.174025974025974
55.0,20000.0,0.09298701298701298,0.12294385280735963,no_switch,11.0,-0.16363636363636364
55.0,20000.0,0.09298701298701298,0.12294385280735963,rank,11.0,-0.16363636363636364
55.0,20000.0,0.09298701298701298,0.12294385280735963,switch,11.0,0.0025974025974026082
