n,gamma_c,winner_at_5
48,1.76311353693462,KR
52,1.8369709517360748,KR
56,2.0796903768546806,KR
