n_blocks_total,n_perm,blockperm_obs_abs_mean_spearman,blockperm_p_abs_mean_spearman,icg_variant,n_blocks,mean_spearman_obs
55.0,20000.0,0.17090909090909095,0.004449777511124443,drift,11.0,-0.2571428571428571
55.0,20000.0,0.17090909090909095,0.004449777511124443,full,11.0,0.28831168831168824
55.0,20000.0,0.17090909090909095,0.004449777511124443,no_switch,11.0,0.3038961038961039
55.0,20000.0,0.17090909090909095,0.004449777511124443,rank,11.0,0.23116883116883116
55.0,20000.0,0.17090909090909095,0.004449777511124443,switch,11.0,0.2883116883116883
