n_perm,n_blocks,obs_mean_spearman,p_abs_mean_spearman,icg_variant,n,keep_ratio,gamma
1000.0,11.0,-0.2571428571428571,0.053946053946053944,drift,30.0,0.6,0.8
1000.0,11.0,0.28831168831168824,0.03896103896103896,full,30.0,0.6,0.8
1000.0,11.0,0.3038961038961039,0.026973026973026972,no_switch,30.0,0.6,0.8
1000.0,11.0,0.23116883116883116,0.10589410589410589,rank,30.0,0.6,0.8
1000.0,11.0,0.2883116883116883,0.04495504495504495,switch,30.0,0.6,0.8
