feature,mean_baseline_zeta_cross,mean_best_zeta_cross,mean_reduction_abs,mean_reduction_pct,min_best_zeta_cross,max_best_zeta_cross
layer_count_adv_scaled,5.100963474608573,-0.08444444880847508,5.185407923417048,1.0708041561838584,-0.9069703285822958,1.0126754741139266
hierarchy_integration_adv_scaled,5.100963474608573,-0.03291664027880911,5.133880114887382,1.0565845221983194,-0.8074628815896644,1.0210030174732923
layer_count_gap_joint_adv_scaled,5.100963474608573,0.1053961052765136,4.9955673693320595,1.0247475966762047,-0.6733400409318897,1.1267341434943219
mean_layer_gap_adv_scaled,5.100963474608573,0.529611402850268,4.571352071758305,0.9306134240857696,-0.29759038322234366,1.5067356535682568
