n_perm,n_blocks,obs_mean_spearman,p_abs_mean_spearman,icg_variant,n,keep_ratio,gamma
200000.0,11.0,0.28831168831168824,0.03298983505082475,full,30.0,0.6,0.8
200000.0,11.0,0.3038961038961039,0.024804875975620123,no_switch,30.0,0.6,0.8
200000.0,11.0,0.2883116883116883,0.03316983415082925,switch,30.0,0.6,0.8
