n_blocks_total,n_perm,blockperm_obs_abs_mean_spearman,blockperm_p_abs_mean_spearman,icg_variant,n_blocks,mean_spearman_obs
55.0,20000.0,0.09714285714285716,0.11464426778661067,drift,11.0,-0.3714285714285714
55.0,20000.0,0.09714285714285716,0.11464426778661067,full,11.0,0.02857142857142857
55.0,20000.0,0.09714285714285716,0.11464426778661067,no_switch,11.0,0.08571428571428573
55.0,20000.0,0.09714285714285716,0.11464426778661067,rank,11.0,0.3714285714285714
55.0,20000.0,0.09714285714285716,0.11464426778661067,switch,11.0,0.3714285714285714
