n_perm,n_blocks,obs_mean_spearman,p_abs_mean_spearman,icg_variant,n,keep_ratio,gamma
1000.0,11.0,-0.3714285714285714,0.003996003996003996,drift,52.0,0.65,0.2
1000.0,11.0,0.028571428571428577,0.8381618381618382,full,52.0,0.65,0.2
1000.0,11.0,0.08571428571428573,0.5434565434565435,no_switch,52.0,0.65,0.2
1000.0,11.0,0.3714285714285714,0.005994005994005994,rank,52.0,0.65,0.2
1000.0,11.0,0.3714285714285714,0.006993006993006993,switch,52.0,0.65,0.2
