n_perm,n_blocks,obs_mean_spearman,p_abs_mean_spearman,icg_variant,n,keep_ratio,gamma
200000.0,11.0,0.6311688311688313,4.9999750001249995e-06,full,52.0,0.6,0.2
200000.0,11.0,0.838961038961039,4.9999750001249995e-06,no_switch,52.0,0.6,0.2
200000.0,11.0,0.4961038961038961,0.00020499897500512497,switch,52.0,0.6,0.2
