n,width_lower,width_upper,comp_lower,comp_upper
30,6.9,8.0,0.4475862068965517,0.5429885057471264
40,7.0,10.0,0.45717948717948714,0.5429487179487179
