n,mean_match_distance,mean_log_H_delta,mean_score_A2_delta,mean_geo_total_delta,mean_switch_delta,mean_cg_penalty_delta,mean_width_delta,mean_comp_delta,count
30,2.1247124566770506,4.72473927012408,-4.477360503328234,0.30862172579555647,0.888888888888889,1.3443870123943131,0.6666666666666666,-0.013026819923371652,12
40,1.5383648525761373,7.650848603743259,-7.0893845715372,0.6994717208070772,0.9166666666666666,1.397070913450466,0.9166666666666666,0.003525641025641018,12
44,2.529726813198543,9.832629635435072,-9.055422861954991,0.9695217924153913,1.0,1.5012056027192207,1.1666666666666667,-0.006518675123326305,6
48,3.031002647400138,13.30611918590293,-12.517123203530286,0.9877890223195434,0.9583333333333334,1.4364712208722705,2.25,-0.02171985815602838,4
52,2.496801878053506,14.440330019905307,-13.249206123648948,1.4790561406210148,0.875,1.316826583567986,2.75,0.014517345399698359,8
56,2.8184878969725946,14.031551796903923,-12.068945853811158,2.4422246402433894,0.6875,1.0026453186343072,3.625,0.014366883116883132,8
