n_perm,n_blocks,obs_mean_spearman,p_abs_mean_spearman,icg_variant,n,keep_ratio,gamma
200000.0,11.0,0.6623376623376624,4.9999750001249995e-06,full,52.0,0.6,0.2
200000.0,11.0,0.6987012987012988,4.9999750001249995e-06,no_switch,52.0,0.6,0.2
200000.0,11.0,0.6415584415584416,4.9999750001249995e-06,switch,52.0,0.6,0.2
