n_perm,n_blocks,obs_mean_spearman,p_abs_mean_spearman,icg_variant,n,keep_ratio,gamma
1000.0,11.0,-0.5428571428571428,0.000999000999000999,drift,52.0,0.65,0.2
1000.0,11.0,-0.18441558441558445,0.17182817182817184,full,52.0,0.65,0.2
1000.0,11.0,-0.3714285714285714,0.006993006993006993,no_switch,52.0,0.65,0.2
1000.0,11.0,-0.3714285714285714,0.005994005994005994,rank,52.0,0.65,0.2
1000.0,11.0,-0.2415584415584415,0.058941058941058944,switch,52.0,0.65,0.2
