n,width_lower,width_upper,comp_lower,comp_upper
52,9.0,11.0,0.446606334841629,0.5456259426847662
