opponent,n_points,n_min,n_max,linear_slope,linear_slope_se,linear_intercept,linear_R2,linear_p_value,powerlaw_exponent,powerlaw_R2
lorentzian_like_2d,14,20,72,0.9446820232268508,0.021833746399899004,-12.880589768738922,0.9936307034458594,1.5102529294104624e-14,1.546256572769488,0.9950727580725894
lorentzian_like_3d,14,20,72,0.3186654427654005,0.019324108585493414,-5.802928775394976,0.9577373551662002,1.30939000512289e-09,1.9471886777532452,0.9326335382470736
