n,width_lower,width_upper,comp_lower,comp_upper
48,8.0,11.0,0.46808510638297873,0.5443262411347518
