n_perm,n_blocks,obs_mean_spearman,p_abs_mean_spearman,icg_variant,n,keep_ratio,gamma
200000.0,11.0,0.6779220779220779,4.9999750001249995e-06,full,40.0,0.6,0.8
200000.0,11.0,0.5896103896103896,1.9999900000499998e-05,no_switch,40.0,0.6,0.8
200000.0,11.0,0.6103896103896104,4.9999750001249995e-06,switch,40.0,0.6,0.8
