n,n_cg,keep_ratio,gamma,action_mode,family,mean_score_local,mean_score_augmented,mean_score_augmented_full,mean_penalty_cg,mean_penalty_global_consistency,mean_self_drift,family_switch_rate,mean_rank_shift,mean_gc_var_comp,mean_gc_var_d_eff,count
52,39,0.75,0.2,A2,KR_like,-69.56255801745922,-69.52231525771481,-69.52231525771481,0.040242759744419626,0.0,0.004024275974441963,0.0,0.0,0.0,3.549874073494553e-31,80
52,39,0.75,0.2,A2,multi_layer_random,-69.09831779608706,-68.72278730002537,-68.72278730002537,0.37553049606168465,0.009094917444337736,0.0063030496061684625,0.1375,0.2125,0.017604425105588427,0.6215453175490173,80
52,39,0.75,0.2,A2,transitive_percolation,-67.20845667143638,-66.95050213207455,-66.95050213207455,0.25795453936183665,8.657367945793754e-05,0.005795453936183667,0.1,0.1,0.04960964376310863,0.8120762930536143,80
52,39,0.75,0.2,A2,interval_order,-57.69045891877774,-56.99378483864166,-56.99378483864166,0.6966740801360783,0.004526068046493218,0.005917408013607838,0.275,0.45,0.03562132254451973,1.1230986063546422,80
52,39,0.75,0.2,A2,random_layered_k6_uniform,-58.16457193453662,-56.25131562147426,-56.25131562147426,1.9132563130623566,8.182610473171516e-05,0.0038256313062356743,0.875,1.125,0.031798449260213545,0.9492365588619626,80
52,39,0.75,0.2,A2,lorentzian_like_2d,-53.63985811666339,-52.709308932357885,-52.709308932357885,0.9305491843054983,0.003729655273831965,0.0030549184305498148,0.375,0.675,0.04582547696238384,1.242126627035266,80
