n_perm,n_blocks,obs_mean_spearman,p_abs_mean_spearman,icg_variant,n,keep_ratio,gamma
200000.0,11.0,0.5896103896103896,4.9999750001249995e-06,full,30.0,0.6,0.8
200000.0,11.0,0.4961038961038962,0.00017499912500437497,no_switch,30.0,0.6,0.8
200000.0,11.0,0.5376623376623375,2.9999850000749997e-05,switch,30.0,0.6,0.8
