n_perm,n_blocks,obs_mean_spearman,p_abs_mean_spearman,icg_variant,n,keep_ratio,gamma
200000.0,11.0,0.7038961038961038,4.9999750001249995e-06,full,30.0,0.6,0.2
200000.0,11.0,0.5012987012987012,0.00015499922500387497,no_switch,30.0,0.6,0.2
200000.0,11.0,0.7402597402597402,4.9999750001249995e-06,switch,30.0,0.6,0.2
