perturb,perturb_frac,n,n_samples,rho_rigidity_sample,p_rigidity_sample,rho_delta_icg_penalty,mean_within_family_rho
p05,0.05,30,48,-0.15762049500651323,0.28438578071096443,-0.9982631350412505,-1.0
p05,0.05,40,48,-0.3525835866261398,0.014949252537373132,-0.9774207555362571,-0.9761904761904763
p05,0.05,52,48,-0.12852800694745983,0.3878306084695765,-0.9718844984802432,-0.9801587301587302
p10,0.1,30,48,-0.2566217976552323,0.07904604769761511,-0.9924012158054711,-0.9841269841269842
p10,0.1,40,48,-0.36257056013894917,0.011049447527623619,-0.9989144594007816,-1.0
p10,0.1,52,48,0.04244463742943986,0.7670116494175291,-0.9839339991315675,-0.9801587301587302
p20,0.2,30,48,-0.012700825010855406,0.9337033148342583,-0.9630916196265741,-0.9722222222222223
p20,0.2,40,48,0.03386886669561442,0.8216089195540223,-0.9818714719930526,-0.9920634920634921
p20,0.2,52,48,0.39709075119409465,0.006899655017249137,-0.9476769431176726,-0.9761904761904763
