perturb,perturb_frac,n,n_families,rho_rigidity,rho_dose_intervention
p05,0.05,30,6,0.6571428571428571,0.0
p05,0.05,40,6,-0.5428571428571428,0.33806170189140666
p05,0.05,52,6,-0.02857142857142857,0.0
p10,0.1,30,6,0.2571428571428571,0.0
p10,0.1,40,6,-0.08571428571428572,0.39466488146729556
p10,0.1,52,6,0.2571428571428571,-0.33806170189140666
p20,0.2,30,6,0.14285714285714285,0.0
p20,0.2,40,6,0.08571428571428572,0.028988551782622423
p20,0.2,52,6,0.02857142857142857,-0.23904572186687872
