perturb,n,n_obs,rho_pooled,p_pooled
p05,30,48,-0.31328701693443334,0.02539492101579684
p05,40,48,-0.08706035605731655,0.5526894621075785
p05,52,48,-0.3889491966999566,0.006798640271945611
p10,30,48,-0.3555145462440295,0.012997400519896021
p10,40,48,-0.14220581849761182,0.3313337332533493
p10,52,48,-0.06502388189318281,0.6510697860427914
p20,30,48,-0.5275727312201476,0.0003999200159968006
p20,40,48,-0.24142422926617454,0.09838032393521295
p20,52,48,-0.18150238818931827,0.20795840831833634
