perturb,n_obs,rho_pooled,p_pooled
p05,144,-0.2124145968973555,0.010197960407918417
p10,144,-0.1564424081665461,0.052389522095580884
p20,144,-0.3058837714010128,0.0005998800239952009
