perturb,n_blocks,obs_mean_spearman_stratified,p_stratified
p05,18,-0.1415343915343915,0.10737852429514097
p10,18,-0.04497354497354497,0.6116776644671066
p20,18,-0.06084656084656085,0.4971005798840232
