perturb,perturb_frac,n_total,n_strata,rho_pooled,r_pooled,p_pooled,rho_stratified_wmean,p_stratified,mean_within_family_rho,frac_positive_within
p05,0.05,144,18,-0.2124145968973555,-0.24646450130217115,0.01102988970110299,-0.14153439153439154,0.11304886951130488,-0.1415343915343915,0.3888888888888889
p10,0.1,144,18,-0.1564424081665461,-0.1323173806545744,0.06165938340616594,-0.04497354497354498,0.6131738682613174,-0.04497354497354497,0.5
p20,0.2,144,18,-0.3058837714010128,-0.3650627314583507,0.0001999980000199998,-0.06084656084656085,0.4973350266497335,-0.06084656084656085,0.3888888888888889
