A_entropy,B_entropy
0.2501987249751022,0.8604934847753076
