B0_geom_mix,B1_geom_mix
0.9354947419174884,0.1731568350916822
