d,kappa_d,p_d,tau_mean_related,tau_d_mean_related,samples
2,0.49999999999999994,0.49956,0.39041755966083713,0.19997656056802268,400000
3,0.2617993877991494,0.29071,0.40451262713409336,0.12031327473744997,400000
4,0.1308996938995747,0.1750125,0.4052040949851611,0.0725107690028857,400000
5,0.06168502750680849,0.1049675,0.39930039640395093,0.04270993172717974,400000
