d,a_d_theory,alpha_d_theory,b_d_theory,c_d_theory,p_d,kappa_d
2,0.6342956795302132,0.3458276238708136,0.50044,-0.50044,0.49956,0.49999999999999994
3,0.2899764736689408,0.6257580201894521,0.70929,-0.70929,0.29071,0.2617993877991494
4,0.12813861370852744,0.8150974676223837,0.8249875,-0.8249875,0.1750125,0.1308996938995747
5,0.05881790597542641,0.9355729179426773,0.8950325,-0.8950325,0.1049675,0.06168502750680849
