feature,mean,std,min,max
locality_dominance_delta_index,5.8019645576558005,2.2514658064301547,2.188177339901478,12.57994937823264
hierarchy_integration_delta_index,-5.754898121658205,2.240091680338119,-12.503026301309564,-2.14679802955665
layer_count_delta_mlr_minus_lor2d,-4.173913043478261,1.6097528840868984,-9.0,-2.0
mean_layer_gap_delta_mlr_minus_lor2d,-1.4580530425393625,0.6284795963671189,-3.339197116158124,-0.22660098522167482
adjacent_edge_fraction_delta_mlr_minus_lor2d,0.07323262681968991,0.026649767246404384,-0.029556650246305383,0.1100885080574068
long_edge_fraction_delta_mlr_minus_lor2d,-0.07323262681968991,0.026649767246404374,-0.11008850805740666,0.029556650246305383
reduction_edge_density_delta_mlr_minus_lor2d,0.023533217998797547,0.012713713154895296,0.0,0.05977011494252871
cover_density_delta_mlr_minus_lor2d,0.023533217998797547,0.012713713154895296,0.0,0.05977011494252871
layer_signature_redundancy_delta_mlr_minus_lor2d,-0.029714149458585252,0.03345663120220955,-0.0928571428571428,0.0619047619047619
