family,partial_pearson,partial_spearman,permutation_p,n,mean_hii,mean_log_H,mean_layer_count
KR_like,0.27406878310944205,0.3621013133208255,0.07846076961519241,40,-0.44061037114902196,13.880866370766515,3.0
absolute_layered,-0.2540448554945974,-0.22270168855534708,0.11044477761119441,40,0.19321491402740312,10.72127607507674,4.0
interval_order,0.3606002940944807,0.3236397748592871,0.02348825587206397,40,0.537019567459882,12.225789382191897,4.575
lorentzian_like_2d,0.4638293346954497,0.42213883677298314,0.005497251374312844,40,0.6030948122279073,11.97788194391202,4.525
lorentzian_like_3d,0.16624705324079844,0.1452157598499062,0.3153423288355822,40,-0.2424668546257455,16.123385214128756,3.0
lorentzian_like_4d,0.49365545050689796,0.4842401500938086,0.0024987506246876563,40,-0.8001117276074826,18.214195837601483,2.35
multi_layer_random,0.24935262941629166,0.2544090056285178,0.13193403298350825,40,0.4205283665462665,14.222384004050957,3.95
transitive_percolation,0.341292399297078,0.33921200750469044,0.030984507746126936,40,-0.2706687068792083,18.72312130335551,2.925
