scope,partial_pearson,partial_spearman,permutation_p,n
all_families,0.34949978165698614,0.3314219377142355,0.0004997501249375312,320
