feature,target,n_samples,pearson,spearman,permutation_p
hii,cg_switch_rate,68,-0.8345395483934716,-0.6405695308623125,0.0004997501249375312
layer_count,cg_switch_rate,68,-0.8881462025906349,-0.6703821048211628,0.0004997501249375312
mean_layer_gap,cg_switch_rate,68,-0.8595539395481274,-0.726877123334733,0.0004997501249375312
long_edge_fraction,cg_switch_rate,68,-0.8005334398008237,-0.5919380081688743,0.0004997501249375312
hii,log_H,68,0.08780047859557677,0.05527350459976333,0.49025487256371814
layer_count,log_H,68,-0.08676959877297445,0.03584379890827194,0.4917541229385307
mean_layer_gap,log_H,68,-0.058280636263716594,-0.15978928884986832,0.631184407796102
long_edge_fraction,log_H,68,0.07940602007985055,0.016528610146199947,0.5322338830584707
