N,n_treatment,n_placebo,mean_abs_dH_treatment,mean_abs_dH_placebo,welch_t,welch_p,cohens_d
16,400,400,0.8122838179245444,0.2827930671487455,18.269617711991867,9.493919704817708e-60,1.2918570573835304
24,300,300,0.8880138333400502,0.29674607949063414,14.3579208601959,3.321918852059255e-38,1.1723193291580827
28,200,200,0.8961146306736958,0.38606051184343526,9.958591695035901,1.0716659381841597e-20,0.9958591695035902
32,160,160,1.0132483358783293,0.32066936880572255,9.505580928615588,4.0951475289832764e-18,1.0627562561005015
36,90,90,0.9856888458668553,0.49381449869700045,4.622171346960765,7.92065499867715e-06,0.6890326223637357
