n_perm,n_blocks,obs_mean_spearman,p_abs_mean_spearman,icg_variant,n,keep_ratio,gamma
200000.0,11.0,0.803473606026877,4.9999750001249995e-06,full,30.0,0.6,0.2
200000.0,11.0,0.8196548602357647,4.9999750001249995e-06,full,52.0,0.6,0.2
200000.0,11.0,0.8167808100971349,4.9999750001249995e-06,no_switch,30.0,0.6,0.2
200000.0,11.0,0.7829885670339305,4.9999750001249995e-06,no_switch,52.0,0.6,0.2
200000.0,11.0,0.8693148604996366,4.9999750001249995e-06,switch,30.0,0.6,0.2
200000.0,11.0,0.6566221461821962,4.9999750001249995e-06,switch,52.0,0.6,0.2
