n,width_lower,width_upper,comp_lower,comp_upper
56,9.0,11.899999999999999,0.46655844155844156,0.536948051948052
