n_blocks_total,n_perm,blockperm_obs_abs_mean_spearman,blockperm_p_abs_mean_spearman,icg_variant,n_blocks,mean_spearman_obs
330.0,20000.0,0.3676190476190476,4.999750012499375e-05,drift,66.0,0.02597402597402599
330.0,20000.0,0.3676190476190476,4.999750012499375e-05,full,66.0,0.49610389610389605
330.0,20000.0,0.3676190476190476,4.999750012499375e-05,no_switch,66.0,0.44848484848484854
330.0,20000.0,0.3676190476190476,4.999750012499375e-05,rank,66.0,0.44935064935064933
330.0,20000.0,0.3676190476190476,4.999750012499375e-05,switch,66.0,0.4181818181818182
