n,n_cg,keep_ratio,gamma,action_mode,family,mean_score_local,mean_score_augmented,mean_score_augmented_full,mean_penalty_cg,mean_penalty_global_consistency,mean_self_drift,family_switch_rate,mean_rank_shift,mean_gc_var_comp,mean_gc_var_d_eff,count
52,36,0.7,0.2,A2,KR_like,-61.94872130040699,-61.7781896601845,-61.7781896601845,0.17053164022249317,1.0296007648175895e-06,0.004553164022249318,0.0625,0.0625,0.0,4.831773044478698e-31,80
52,36,0.7,0.2,A2,multi_layer_random,-62.49465463531796,-61.44254685102677,-61.44254685102677,1.0521077842911772,0.0011989594678895907,0.007710778429117717,0.4125,0.7125,0.024298655468208374,0.8747488555852379,80
52,36,0.7,0.2,A2,transitive_percolation,-60.4905198422028,-60.193883880057605,-60.193883880057605,0.29663596214519194,4.729951353332933e-05,0.007163596214519194,0.1125,0.1125,0.04950796289017227,0.7938009622066275,80
52,36,0.7,0.2,A2,interval_order,-52.144322050316,-51.36897581733216,-51.36897581733216,0.7753462329838341,9.802876164506082e-06,0.00940962329838341,0.2875,0.5,0.032001824667452175,1.0589459039757434,80
52,36,0.7,0.2,A2,random_layered_k6_uniform,-50.92140937601768,-49.0863071994798,-49.0863071994798,1.8351021765378832,1.0543494934884082e-06,0.004760217653788321,0.85,1.025,0.027447936281289564,0.8733198881900546,80
52,36,0.7,0.2,A2,lorentzian_like_2d,-48.73981976458653,-47.997145880497314,-47.997145880497314,0.7426738840892224,3.5777934801434467e-06,0.003642388408922244,0.3,0.5125,0.04458551322829736,1.2820493181263708,80
