feature,mean_baseline_zeta_cross,mean_best_zeta_cross,mean_reduction_abs,mean_reduction_pct,min_best_zeta_cross,max_best_zeta_cross
layer_count_adv_scaled,4.180324443470125,-0.4482242157290284,4.628548659199154,1.1479496690415756,-0.8733093911425864,-0.15839477329253374
hierarchy_integration_adv_scaled,4.180324443470125,-0.45077338536862027,4.631097828838746,1.1459377933992763,-0.8260770959436907,-0.19609510558876864
mean_layer_gap_adv_scaled,4.180324443470125,-0.04729503808952994,4.227619481559656,1.0376646627208783,-0.4282698666645244,0.2093080649117765
