perturb,frac,n_total,n_per_stratum,rho_pooled,p_pooled,rho_strat_wmean,p_strat,mean_within_rho,neg_fraction
p05,0.05,576,32,-0.1099757616858815,0.008299917000829991,-0.05812153796024763,0.17048829511704883,-0.058121537960247625,0.5555555555555556
p10,0.1,576,32,-0.1206386105041067,0.0036399636003639963,0.011119257086999023,0.7934020659793402,0.011119257086999021,0.4444444444444444
p20,0.2,576,32,-0.2501073769874162,9.99990000099999e-06,-0.02119990224828934,0.6181138188618114,-0.021199902248289344,0.5555555555555556
