n_perm,n_blocks,obs_mean_spearman,p_abs_mean_spearman,icg_variant,n,keep_ratio,gamma
200000.0,11.0,0.7350649350649352,4.9999750001249995e-06,full,30.0,0.6,0.2
200000.0,11.0,0.6051948051948052,4.9999750001249995e-06,no_switch,30.0,0.6,0.2
200000.0,11.0,0.6987012987012987,4.9999750001249995e-06,switch,30.0,0.6,0.2
