n_perm,n_blocks,obs_mean_spearman,p_abs_mean_spearman,icg_variant,n,keep_ratio,gamma
1000.0,11.0,-0.4285714285714285,0.000999000999000999,drift,52.0,0.75,0.2
1000.0,11.0,0.2519480519480519,0.06793206793206794,full,52.0,0.75,0.2
1000.0,11.0,0.05974025974025975,0.6693306693306693,no_switch,52.0,0.75,0.2
1000.0,11.0,0.1636363636363636,0.24575424575424576,rank,52.0,0.75,0.2
1000.0,11.0,0.14285714285714282,0.3086913086913087,switch,52.0,0.75,0.2
