n_blocks_total,n_perm,blockperm_obs_abs_mean_spearman,blockperm_p_abs_mean_spearman,icg_variant,n_blocks,mean_spearman_obs
55.0,20000.0,0.037922077922077926,0.5324733763311834,drift,11.0,-0.4285714285714286
55.0,20000.0,0.037922077922077926,0.5324733763311834,full,11.0,0.2519480519480519
55.0,20000.0,0.037922077922077926,0.5324733763311834,no_switch,11.0,0.05974025974025975
55.0,20000.0,0.037922077922077926,0.5324733763311834,rank,11.0,0.1636363636363636
55.0,20000.0,0.037922077922077926,0.5324733763311834,switch,11.0,0.14285714285714288
