n_perm,n_blocks,obs_mean_spearman,p_abs_mean_spearman,icg_variant,n,keep_ratio,gamma
200000.0,11.0,0.625974025974026,4.9999750001249995e-06,full,52.0,0.6,0.2
200000.0,11.0,0.4597402597402597,0.0005149974250128749,no_switch,52.0,0.6,0.2
200000.0,11.0,0.6051948051948052,1.4999925000374999e-05,switch,52.0,0.6,0.2
