{
  "timestamp": "2026-03-28 13:34:30.689652",
  "sizes": [512, 768, 1024, 1536, 2048],
  "memory_mb": [2.6, 5.85, 10.4, 23.4, 41.6],
  "estimated_time_s": [2.6214399999999998, 5.89824, 10.485759999999999, 23.59296, 41.943039999999996],
  "cost_ratio": [6.815743999999999e-06, 3.4504704e-05, 0.00010905190399999999, 0.000552075264, 0.0017448304639999998],
  "feasibility": [true, true, true, true, true],
  "notes": "O(n²) estimation based on empirical RIS performance"
}
