n,n_cg,keep_ratio,gamma,action_mode,family,mean_score_local,mean_score_augmented,mean_score_augmented_full,mean_penalty_cg,mean_penalty_global_consistency,mean_self_drift,family_switch_rate,mean_rank_shift,mean_gc_var_comp,mean_gc_var_d_eff,count
52,34,0.65,0.2,A2,KR_like,-57.12250380019858,-57.03013348154703,-57.03013348154703,0.092370318651544,0.0009503034914677822,0.0061120318651544,0.0125,0.025,0.0,2.958228394578794e-32,80
52,34,0.65,0.2,A2,transitive_percolation,-55.911240438145875,-55.78854658538385,-55.78854658538385,0.12269385276203226,0.00027750795387893425,0.009769385276203225,0.0125,0.0125,0.04398464218346075,0.7215888209728413,80
52,34,0.65,0.2,A2,multi_layer_random,-54.501448763689936,-53.16633875304035,-53.16633875304035,1.3351100106495886,0.0002439937000664484,0.008511001064958845,0.5125,0.9625,0.025372936884077497,0.8302032547491098,80
52,34,0.65,0.2,A2,interval_order,-50.85004604313707,-49.19416511143266,-49.19416511143266,1.6558809317044152,0.00013036965865033533,0.011838093170441506,0.7,0.975,0.0374489729694016,1.200604928625391,80
52,34,0.65,0.2,A2,random_layered_k6_uniform,-48.095239889151735,-46.71078846321689,-46.71078846321689,1.3844514259348437,0.002900711935417251,0.007820142593484364,0.6125,0.775,0.029646561154791466,0.9262680900051296,80
52,34,0.65,0.2,A2,lorentzian_like_2d,-44.50837219759454,-42.77599874961228,-42.77599874961228,1.732373447982265,1.2941927556872591e-06,0.00636234479822651,0.6375,1.425,0.04252884309992463,1.1517529903317598,80
