feature,mean,std,min,max
locality_dominance_delta_index,5.089545048869434,1.883778239144028,2.188177339901478,8.572462653552485
hierarchy_integration_delta_index,-5.045181928305333,1.8739413528296693,-8.492124387167706,-2.14679802955665
layer_count_delta_mlr_minus_lor2d,-3.676470588235294,1.364497648382755,-6.0,-2.0
mean_layer_gap_delta_mlr_minus_lor2d,-1.2561337084378825,0.5147522586785324,-2.340015352943229,-0.22660098522167482
adjacent_edge_fraction_delta_mlr_minus_lor2d,0.06737959595710358,0.028047934574958553,-0.029556650246305383,0.10534121320249781
long_edge_fraction_delta_mlr_minus_lor2d,-0.06737959595710358,0.028047934574958543,-0.10534121320249779,0.029556650246305383
reduction_edge_density_delta_mlr_minus_lor2d,0.022181560282050268,0.013443654818965353,0.0,0.05977011494252871
cover_density_delta_mlr_minus_lor2d,0.022181560282050268,0.013443654818965353,0.0,0.05977011494252871
layer_signature_redundancy_delta_mlr_minus_lor2d,-0.027142269786702537,0.032593844621654676,-0.0928571428571428,0.0619047619047619
