n,width_lower,width_upper,comp_lower,comp_upper
44,8.0,11.0,0.46374207188160677,0.541014799154334
