n,n_cg,keep_ratio,gamma,action_mode,family,mean_score_local,mean_score_augmented,mean_score_augmented_full,mean_penalty_cg,mean_penalty_global_consistency,mean_self_drift,family_switch_rate,mean_rank_shift,mean_gc_var_comp,mean_gc_var_d_eff,count
52,39,0.75,0.2,A2,KR_like,-69.52319780987652,-69.46517314559631,-69.46517314559631,0.058024664280209914,0.0,0.0033024664280209915,0.0125,0.0125,0.0,3.2540512340366735e-31,80
52,39,0.75,0.2,A2,transitive_percolation,-66.67050850014584,-66.56807324942653,-66.56807324942653,0.10243525071932076,0.0011730987571623216,0.0052435250719320755,0.025,0.025,0.05371152743931549,0.8549392707043493,80
52,39,0.75,0.2,A2,multi_layer_random,-66.77388949090448,-65.75766776434699,-65.75766776434699,1.0162217265574927,0.0074899206654599985,0.004122172655749249,0.3625,0.8625,0.026355739037127547,0.8029803186064056,80
52,39,0.75,0.2,A2,random_layered_k6_uniform,-56.86587852114803,-55.63689700113939,-55.63689700113939,1.2289815200086482,2.1095060258539897e-06,0.0041481520008648295,0.5625,0.6875,0.02958038885925331,0.9158085277114179,80
52,39,0.75,0.2,A2,interval_order,-56.414452500468634,-55.39850261500415,-55.39850261500415,1.0159498854644815,0.0005604135698224033,0.009094988546448145,0.45,0.5,0.03981495485673038,1.159470659161211,80
52,39,0.75,0.2,A2,lorentzian_like_2d,-55.14805972195122,-54.066830327586615,-54.066830327586615,1.0812293943646105,1.646213666489947e-06,0.003747939436461064,0.3375,1.075,0.04063597276555305,1.111465738442198,80
