closure,B0,B1,R2,Xi_45_median,Xi_45_observed,rel_err
P_occ,0.93426693589911,0.13152484094420003,0.9921651629901581,11.325730830607682,11.34984150960189,0.002124318561964893
nonlink_mc,0.9354947419174884,0.17315683509168217,0.9933584501607852,10.58715499929706,11.34984150960189,0.06719798771283302
P_gam,0.9359939555968574,0.16430217291910876,0.9933086152370111,10.568931593272625,11.34984150960189,0.0688035965672842
nonlink_m2,0.962554257904243,0.055653712817434337,0.9810888090356251,8.601123209640669,11.34984150960189,0.24218120558210646
