n,family,sample_id,log_H_exact,log_H_sis_mean,log_H_sis_std,abs_error,signed_error
6,absolute_layered,0,1.3862943611198906,1.3862943611198906,0.0,0.0,0.0
6,absolute_layered,1,1.3862943611198906,1.3862943611198906,0.0,0.0,0.0
6,KR_like,0,3.1354942159291497,2.9831534913471307,0.6656200376077084,0.15234072458201897,-0.15234072458201897
6,KR_like,1,4.0943445622221,3.8867051974438565,0.5045025521403304,0.20763936477824396,-0.20763936477824396
8,absolute_layered,0,3.1780538303479458,3.1780538303479458,0.0,0.0,0.0
8,absolute_layered,1,3.871201010907891,3.8712010109078907,0.0,4.440892098500626e-16,-4.440892098500626e-16
8,KR_like,0,5.793013608384144,5.66815529701305,0.8511129923104223,0.12485831137109393,-0.12485831137109393
8,KR_like,1,5.181783550292085,5.241747015059643,0.6587885419047129,0.05996346476755754,0.05996346476755754
