N,slope,intercept,r,p_value,se_slope,n_obs
14,-0.2987559826025492,18.76337509236586,-0.27042293946205276,1.7942394261984454e-08,0.05202291572547237,420
16,-0.5268112451505405,23.135340406196054,-0.4169298997431158,4.302246351111012e-19,0.05617439744522827,420
18,-0.6965970282333597,27.40307526457287,-0.46751167372503266,3.404348482783585e-24,0.0644238751976427,420
