N,predictor,slope,r,p
14,k_actual,-1.3595047716916704,-0.7380070111342966,2.067668358049445e-73
16,k_actual,-1.4598345024860715,-0.7536396253188492,3.4275793259083154e-78
18,k_actual,-1.6140180708599001,-0.7599890694034467,3.0860221607108816e-80
14,k_nominal,-0.2987559826025494,-0.2704229394620528,1.7942394261984388e-08
16,k_nominal,-0.5268112451505405,-0.4169298997431158,4.302246351111012e-19
18,k_nominal,-0.6965970282333598,-0.4675116737250328,3.4043484827833645e-24
