n,keep_ratio,gamma,icg_variant,n_blocks,n_perm,obs_mean_spearman_raw,p_abs_mean_spearman_raw,obs_mean_spearman_partial_lc_gap,p_abs_mean_spearman_partial_lc_gap,obs_mean_spearman_partial_lc,p_abs_mean_spearman_partial_lc,obs_mean_spearman_partial_gap,p_abs_mean_spearman_partial_gap,mean_spearman_icg_layer_count,mean_spearman_icg_mean_layer_gap
30,0.6,0.2,full,11.0,5000.0,0.7807704652821869,0.0001999600079984003,0.8294088949941479,0.0001999600079984003,0.8367621513009909,0.0001999600079984003,0.8367621513009909,0.0001999600079984003,-0.3142857142857142,-0.3142857142857142
30,0.6,0.2,no_switch,11.0,5000.0,0.7162263852978464,0.0001999600079984003,0.7087342182190276,0.0001999600079984003,0.7143714691534109,0.0001999600079984003,0.7143714691534109,0.0001999600079984003,-0.14285714285714282,-0.14285714285714282
30,0.6,0.2,switch,11.0,5000.0,0.8104127288128585,0.0001999600079984003,0.8251933162220609,0.0001999600079984003,0.8312539922199398,0.0001999600079984003,0.8312539922199398,0.0001999600079984003,-0.2,-0.2
52,0.6,0.2,full,11.0,5000.0,0.767611105607779,0.0001999600079984003,0.8035549297986573,0.0001999600079984003,0.7939758333627147,0.0001999600079984003,0.7939758333627147,0.0001999600079984003,-0.08571428571428573,-0.08571428571428573
52,0.6,0.2,no_switch,11.0,5000.0,0.8123216015953978,0.0001999600079984003,0.8197983524215541,0.0001999600079984003,0.8061175000399232,0.0001999600079984003,0.8061175000399232,0.0001999600079984003,-0.02857142857142857,-0.02857142857142857
52,0.6,0.2,switch,11.0,5000.0,0.7375622977641718,0.0001999600079984003,0.7675233961144753,0.0001999600079984003,0.7579442996785328,0.0001999600079984003,0.7579442996785328,0.0001999600079984003,-0.08571428571428573,-0.08571428571428573
