n,family,mean_cover_density,mean_reduction_edge_density,mean_adjacent_edge_fraction,mean_long_edge_fraction,mean_layer_gap,mean_signature_redundancy,mean_layer_count,mean_layer_size_std,count
30,lorentzian_like_2d,0.14061302681992338,0.14061302681992338,0.16941008875323352,0.8305899112467664,3.2913810482518575,0.03844246031746031,7.75,1.414099680111262,12
30,multi_layer_random,0.15804597701149425,0.15804597701149425,0.21664500622207142,0.7833549937779285,2.3969296963539986,0.0072420634920634915,5.0,1.3201656550729692,12
40,lorentzian_like_2d,0.12051282051282051,0.12051282051282051,0.13423449081601677,0.8657655091839832,3.6336038892165843,0.03150273998488284,8.583333333333334,1.6014662934433355,12
40,multi_layer_random,0.1432692307692308,0.1432692307692308,0.20795058923121487,0.7920494107687851,2.387211333253067,0.0056018518518518535,5.0,1.3610876995143872,12
44,lorentzian_like_2d,0.1109936575052854,0.1109936575052854,0.12565545492711505,0.874344545072885,3.8691846717100957,0.03087346681096681,9.333333333333334,1.9435904175246312,6
44,multi_layer_random,0.13636363636363638,0.13636363636363638,0.2064693396007992,0.7935306603992008,2.396483648985558,0.0,5.0,1.8338831698844276,6
48,lorentzian_like_2d,0.10283687943262411,0.10283687943262411,0.10418234949951957,0.8958176505004805,4.479100004051273,0.013095238095238096,10.75,1.6778972795476883,4
48,multi_layer_random,0.13275709219858156,0.13275709219858156,0.1928350404722658,0.8071649595277343,2.4335467400002067,0.0,5.0,1.0490184505155418,4
52,lorentzian_like_2d,0.09803921568627451,0.09803921568627451,0.10320441767698246,0.8967955823230176,4.2609512700303,0.028571679092512424,10.0,1.8103490932284951,8
52,multi_layer_random,0.12650829562594268,0.12650829562594268,0.18755885784733284,0.8124411421526672,2.4320532077928205,0.002083333333333334,5.0,2.12022728057304,8
56,lorentzian_like_2d,0.09691558441558441,0.09691558441558441,0.1009878620637551,0.8990121379362449,4.251372407353235,0.0282272126022126,10.0,2.1878744600984543,8
56,multi_layer_random,0.12637987012987012,0.12637987012987012,0.19089660185091298,0.809103398149087,2.432733654837883,0.0,5.0,2.746343097856404,8
