n_perm,n_blocks,obs_mean_spearman,p_abs_mean_spearman,icg_variant,n,keep_ratio,gamma
200000.0,11.0,0.4077922077922079,0.0018099909500452498,full,52.0,0.6,0.2
200000.0,11.0,0.09610389610389611,0.48422257888710557,no_switch,52.0,0.6,0.2
200000.0,11.0,0.26753246753246757,0.04735976320118399,switch,52.0,0.6,0.2
