n_perm,n_blocks,obs_mean_spearman,p_abs_mean_spearman,icg_variant,n,keep_ratio,gamma
200000.0,11.0,0.5636363636363637,9.999950000249999e-06,full,30.0,0.6,0.8
200000.0,11.0,0.0025974025974025883,0.996240018799906,no_switch,30.0,0.6,0.8
200000.0,11.0,0.438961038961039,0.00076999615001925,switch,30.0,0.6,0.8
