family,unique_posets,n_min,n_max,mean_layer_count,mean_layer_gap
KR_like,148,20,72,3.0,1.334222688557831
lorentzian_like_2d,148,20,72,9.094594594594595,3.807982158365938
lorentzian_like_3d,124,20,72,5.096774193548387,2.250032282256787
lorentzian_like_4d,124,20,72,3.629032258064516,1.646657924096576
