n,width_lower,width_upper,comp_lower,comp_upper
20,5.0,7.0,0.45263157894736844,0.5789473684210527
28,6.0,10.0,0.4365079365079365,0.5611111111111111
36,7.0,9.100000000000001,0.45031746031746034,0.550952380952381
44,8.0,11.0,0.4534883720930233,0.5395348837209303
52,9.0,11.0,0.4601809954751131,0.5478129713423832
56,10.0,12.0,0.45097402597402597,0.5255844155844156
