n,width_lower,width_upper,comp_lower,comp_upper
52,8.0,13.0,0.41025641025641024,0.5942684766214178
