feature,mean_baseline_zeta_cross,mean_best_zeta_cross,mean_reduction_abs,mean_reduction_pct,min_best_zeta_cross,max_best_zeta_cross
layer_count_adv_scaled,4.307090830018143,-0.36379275606941813,4.670883586087561,1.1155462983228266,-0.7889815261524907,0.010104783124301605
hierarchy_integration_adv_scaled,4.307090830018143,-0.3654679120713105,4.672558742089453,1.1138641011523045,-0.7418985553176479,-0.02439979091448962
layer_count_gap_joint_adv_scaled,4.307090830018143,-0.2799006444140977,4.58699147443224,1.0910168011533696,-0.6465068987236591,0.03383129321728769
mean_layer_gap_adv_scaled,4.307090830018143,0.014368955132718636,4.292721874885425,1.01644897817637,-0.3663321193409718,0.3446716910521314
