n_perm,n_blocks,obs_mean_spearman,p_abs_mean_spearman,icg_variant,n,keep_ratio,gamma
1000.0,11.0,-0.14285714285714282,0.28771228771228774,drift,52.0,0.7,0.2
1000.0,11.0,0.5428571428571428,0.000999000999000999,full,52.0,0.7,0.2
1000.0,11.0,0.2831168831168831,0.04495504495504495,no_switch,52.0,0.7,0.2
1000.0,11.0,0.22597402597402597,0.09290709290709291,rank,52.0,0.7,0.2
1000.0,11.0,0.36103896103896105,0.005994005994005994,switch,52.0,0.7,0.2
