n_blocks_total,n_perm,blockperm_obs_abs_mean_spearman,blockperm_p_abs_mean_spearman,icg_variant,n_blocks,mean_spearman_obs
55.0,20000.0,0.25402597402597393,9.99950002499875e-05,drift,11.0,-0.14285714285714282
55.0,20000.0,0.25402597402597393,9.99950002499875e-05,full,11.0,0.5428571428571428
55.0,20000.0,0.25402597402597393,9.99950002499875e-05,no_switch,11.0,0.2831168831168831
55.0,20000.0,0.25402597402597393,9.99950002499875e-05,rank,11.0,0.22597402597402597
55.0,20000.0,0.25402597402597393,9.99950002499875e-05,switch,11.0,0.361038961038961
