n_perm,n_blocks,obs_mean_spearman,p_abs_mean_spearman,icg_variant,n,keep_ratio,gamma
200000.0,11.0,0.5532467532467532,1.9999900000499998e-05,full,30.0,0.6,0.2
200000.0,11.0,0.2623376623376623,0.05182974085129574,no_switch,30.0,0.6,0.2
200000.0,11.0,0.4857142857142857,0.00017999910000449998,switch,30.0,0.6,0.2
