n_blocks_total,n_perm,blockperm_obs_abs_mean_spearman,blockperm_p_abs_mean_spearman,icg_variant,n_blocks,mean_spearman_obs
55.0,10000.0,0.23301611242937664,9.999000099990002e-05,drift,11.0,0.0
55.0,10000.0,0.23301611242937664,9.999000099990002e-05,full,11.0,0.4099408347133922
55.0,10000.0,0.23301611242937664,9.999000099990002e-05,no_switch,11.0,0.24586305592102303
55.0,10000.0,0.23301611242937664,9.999000099990002e-05,rank,11.0,0.24586305592102303
55.0,10000.0,0.23301611242937664,9.999000099990002e-05,switch,11.0,0.2634136155914452
