n_perm,n_blocks,obs_mean_spearman,p_abs_mean_spearman,icg_variant,n,keep_ratio,gamma
2000.0,11.0,0.0,1.0,drift,52.0,0.7,0.2
2000.0,11.0,0.4099408347133922,0.0004997501249375312,full,52.0,0.7,0.2
2000.0,11.0,0.24586305592102303,0.0004997501249375312,no_switch,52.0,0.7,0.2
2000.0,11.0,0.24586305592102303,0.001999000499750125,rank,52.0,0.7,0.2
2000.0,11.0,0.2634136155914452,0.0034982508745627187,switch,52.0,0.7,0.2
