n,n_cg,keep_ratio,gamma,action_mode,family,mean_score_local,mean_score_augmented,mean_score_augmented_full,mean_penalty_cg,mean_penalty_global_consistency,mean_self_drift,family_switch_rate,mean_rank_shift,mean_gc_var_comp,mean_gc_var_d_eff,count,rank_local,rank_augmented_cg,rank_augmented_full,rank_delta_due_to_cg_penalty,rank_delta_due_to_full_penalty
52,31,0.6,0.2,A2,KR_like,-49.625839557065916,-49.51775364883816,-49.51775364883816,0.1080859082277568,0.0,0.006850257489442346,0.016666666666666666,0.029166666666666667,0.0,3.3307460442664943e-31,720,2,1,1,-1,-1
52,31,0.6,0.2,A2,multi_layer_random,-49.70988999765302,-48.187607013790014,-48.187607013790014,1.522282983863006,0.0036421324909125165,0.013339409497411716,0.5638888888888889,1.086111111111111,0.02292554162869032,0.7593990400817883,720,1,2,2,1,1
52,31,0.6,0.2,A2,transitive_percolation,-48.20924164005439,-47.79652244365304,-47.79652244365304,0.4127191964013536,0.00875655035572726,0.012521919640135363,0.14305555555555555,0.14583333333333334,0.042724759055314684,0.7085628097121186,720,3,3,3,0,0
52,31,0.6,0.2,A2,interval_order,-41.61487353312781,-40.73778810660032,-40.73778810660032,0.8770854265274931,0.001695650781873087,0.015000209319415984,0.3388888888888889,0.4375,0.03606403660894876,1.134992636992021,720,5,4,4,-1,-1
52,31,0.6,0.2,A2,random_layered_k6_uniform,-41.63492717253298,-39.87935408056534,-39.87935408056534,1.7555730919676449,3.874645277764793e-05,0.008473975863431153,0.7527777777777778,1.0833333333333333,0.029369789334123746,0.9467438887310503,720,4,5,5,1,1
52,31,0.6,0.2,A2,lorentzian_like_2d,-39.14263979422948,-38.01908661483672,-38.01908661483672,1.1235531793927607,0.0021265626020988133,0.0073553179392760685,0.4041666666666667,0.8875,0.04334566838837596,1.1789449350979484,720,6,6,6,0,0
