scope,partial_pearson,partial_spearman,permutation_p,n
all_families,0.33620121642455797,0.319252995634723,0.0004997501249375312,320
