component,partial_pearson,partial_spearman,permutation_p,n
layer_count,0.38918145893763395,0.3660292092696218,0.0004997501249375312,320
mean_layer_gap,0.33547754810748553,0.3078644566841473,0.0004997501249375312,320
long_edge_fraction,0.35844216565563586,0.35652081563296517,0.0004997501249375312,320
adjacent_edge_fraction,-0.3584421656556358,-0.35651715348782703,0.0004997501249375312,320
reduction_edge_density,0.034957709799493135,0.046014121231652653,0.5477261369315343,320
cover_density,0.034957709799493135,0.046014121231652653,0.5477261369315343,320
layer_signature_redundancy,-0.6081862109605394,-0.6175878182404125,0.0004997501249375312,320
