family,partial_pearson,partial_spearman,permutation_p,n,mean_hii,mean_log_H,mean_layer_count
KR_like,0.2743246040769005,0.3621013133208255,0.08295852073963018,40,-0.4462004624510004,13.880866370766515,3.0
absolute_layered,-0.25405595235732514,-0.22270168855534708,0.10994502748625687,40,0.18447917533453195,10.72127607507674,4.0
interval_order,0.36018596723516205,0.3202626641651032,0.0239880059970015,40,0.5271051274624204,12.225789382191897,4.575
lorentzian_like_2d,0.46376783437265456,0.424390243902439,0.0024987506246876563,40,0.5937719428808652,11.97788194391202,4.525
lorentzian_like_3d,0.1663532869276504,0.1452157598499062,0.303848075962019,40,-0.24712297801972874,16.123385214128756,3.0
lorentzian_like_4d,0.4936327278392453,0.4842401500938086,0.0014992503748125937,40,-0.8022650578654045,18.214195837601483,2.35
multi_layer_random,0.248909789177226,0.2577861163227017,0.11944027986006997,40,0.41350913012512985,14.222384004050957,3.95
transitive_percolation,0.03705583980665463,0.10337711069418387,0.8245877061469266,40,-0.22327687746681413,18.72312130335551,2.95
