variant,n,gamma,family,mean_score,std_score,mean_log_H,mean_penalty,count
A1_neutral_only,20,0.0,KR_like,-27.36602426803175,,27.36602426803175,0.06910486111111111,1
A1_neutral_only,20,0.0,lorentzian_like_2d,-23.380651766837136,,23.380651766837136,0.07201111111111111,1
A1_neutral_only,20,0.4,KR_like,-27.338382323587307,,27.36602426803175,0.06910486111111111,1
A1_neutral_only,20,0.4,lorentzian_like_2d,-23.351847322392693,,23.380651766837136,0.07201111111111111,1
A1_neutral_only,20,0.8,KR_like,-27.310740379142864,,27.36602426803175,0.06910486111111111,1
A1_neutral_only,20,0.8,lorentzian_like_2d,-23.323042877948247,,23.380651766837136,0.07201111111111111,1
A2_full,20,0.0,KR_like,-27.36602426803175,,27.36602426803175,9.903069600868196,1
A2_full,20,0.0,lorentzian_like_2d,-23.380651766837136,,23.380651766837136,0.26242020926019394,1
A2_full,20,0.4,KR_like,-23.404796427684474,,27.36602426803175,9.903069600868196,1
A2_full,20,0.4,lorentzian_like_2d,-23.27568368313306,,23.380651766837136,0.26242020926019394,1
A2_full,20,0.8,lorentzian_like_2d,-23.17071559942898,,23.380651766837136,0.26242020926019394,1
A2_full,20,0.8,KR_like,-19.443568587337193,,27.36602426803175,9.903069600868196,1
A2_half_dim_proxy,20,0.0,KR_like,-27.36602426803175,,27.36602426803175,7.170973791893129,1
A2_half_dim_proxy,20,0.0,lorentzian_like_2d,-23.380651766837136,,23.380651766837136,0.256950439066288,1
A2_half_dim_proxy,20,0.4,KR_like,-24.4976347512745,,27.36602426803175,7.170973791893129,1
A2_half_dim_proxy,20,0.4,lorentzian_like_2d,-23.27787159121062,,23.380651766837136,0.256950439066288,1
A2_half_dim_proxy,20,0.8,lorentzian_like_2d,-23.175091415584106,,23.380651766837136,0.256950439066288,1
A2_half_dim_proxy,20,0.8,KR_like,-21.62924523451725,,27.36602426803175,7.170973791893129,1
A2_no_dim_proxy,20,0.0,KR_like,-27.36602426803175,,27.36602426803175,4.438877982918061,1
A2_no_dim_proxy,20,0.0,lorentzian_like_2d,-23.380651766837136,,23.380651766837136,0.2514806688723821,1
A2_no_dim_proxy,20,0.4,KR_like,-25.590473074864526,,27.36602426803175,4.438877982918061,1
A2_no_dim_proxy,20,0.4,lorentzian_like_2d,-23.280059499288182,,23.380651766837136,0.2514806688723821,1
A2_no_dim_proxy,20,0.8,KR_like,-23.814921881697302,,27.36602426803175,4.438877982918061,1
A2_no_dim_proxy,20,0.8,lorentzian_like_2d,-23.17946723173923,,23.380651766837136,0.2514806688723821,1
