variant,right_family,mean_margin,min_margin,max_margin,lor4d_win_rate
A2_full,lorentzian_like_2d,28.510923837935728,-17.560059673145517,64.33190415154314,0.8095238095238095
A2_full,lorentzian_like_3d,0.7756186381101877,-27.588354218318372,22.84460824661491,0.5714285714285714
A2_replace_dim_with_consistency,lorentzian_like_2d,55.999892256778516,47.154829536073265,64.33190415154314,1.0
A2_replace_dim_with_consistency,lorentzian_like_3d,17.279622552464822,10.059562493270278,22.84460824661491,1.0
A2_replace_dim_with_multi_consistency,lorentzian_like_2d,55.82157952383587,46.736167211216326,64.33190415154314,1.0
A2_replace_dim_with_multi_consistency,lorentzian_like_3d,17.201100407014117,9.912128277812315,22.84460824661491,1.0
