perturb,transform,n_obs,n_blocks,rho_pooled,p_pooled,rho_stratified,p_stratified,mean_within_rho,neg_fraction
p05,raw,576,18,-0.1099757616858815,0.006799320067993201,-0.058121537960247625,0.1675832416758324,-0.058121537960247625,0.5555555555555556
p05,demeaned,576,18,-0.09286884937080853,0.022897710228977103,-0.058121537960247625,0.1675832416758324,-0.058121537960247625,0.5555555555555556
p05,residualized,576,18,-0.1359441639665436,0.0014998500149985001,-0.08604187031606386,0.037896210378962104,-0.08604187031606386,0.5555555555555556
p10,raw,576,18,-0.1206386105041067,0.0037996200379962005,0.011119257086999021,0.7916208379162084,0.011119257086999021,0.4444444444444444
p10,demeaned,576,18,0.0007925803129631025,0.9839016098390161,0.011119257086999021,0.7916208379162084,0.011119257086999021,0.4444444444444444
p10,residualized,576,18,-0.1368788461055434,0.0012998700129987,-0.10048061257738679,0.017298270172982702,-0.10048061257738679,0.6111111111111112
p20,raw,576,18,-0.2501073769874162,9.999000099990002e-05,-0.021199902248289344,0.6166383361663834,-0.021199902248289344,0.5555555555555556
p20,demeaned,576,18,-0.04159407731143094,0.31986801319868013,-0.021199902248289344,0.6166383361663834,-0.021199902248289344,0.5555555555555556
p20,residualized,576,18,-0.25866475774244596,9.999000099990002e-05,-0.19183773216031277,9.999000099990002e-05,-0.19183773216031277,0.7222222222222222
