n,n_cg,keep_ratio,gamma,action_mode,family,mean_score_local,mean_score_augmented,mean_score_augmented_full,mean_penalty_cg,mean_penalty_global_consistency,mean_self_drift,family_switch_rate,mean_rank_shift,mean_gc_var_comp,mean_gc_var_d_eff,count,rank_local,rank_augmented_cg,rank_augmented_full,rank_delta_due_to_cg_penalty,rank_delta_due_to_full_penalty
52,36,0.7,0.2,A2,KR_like,-61.944525096749906,-61.87389232043289,-61.87389232043289,0.07063277631701369,0.0,0.007063277631701369,0.0,0.0,0.0,4.437342591868191e-31,80,1,1,1,0,0
52,36,0.7,0.2,A2,multi_layer_random,-61.45590212411541,-59.983569076541336,-59.983569076541336,1.4723330475740772,0.011327715873379716,0.008483304757407712,0.525,1.2,0.024602298503599417,0.8300751515841445,80,2,2,2,0,0
52,36,0.7,0.2,A2,transitive_percolation,-59.77794793181083,-59.45896461533173,-59.45896461533173,0.3189833164790973,0.013314065534057697,0.009398331647909732,0.1125,0.1125,0.05513593715722818,0.908263520637011,80,3,3,3,0,0
52,36,0.7,0.2,A2,interval_order,-52.1504553365627,-51.493882141888875,-51.493882141888875,0.6565731946738217,0.002413965759203908,0.0069073194673821715,0.2375,0.4625,0.03457401454384372,1.1295270030634283,80,4,4,4,0,0
52,36,0.7,0.2,A2,random_layered_k6_uniform,-51.126503023681934,-49.32888805373976,-49.32888805373976,1.7976149699421762,1.8069101522332266e-07,0.004761496994217607,0.875,0.875,0.028756177056608705,0.944256899292579,80,5,5,5,0,0
52,36,0.7,0.2,A2,lorentzian_like_2d,-48.39141517901227,-47.63905136191048,-47.63905136191048,0.7523638171017896,9.134509053776448e-07,0.004611381710178954,0.275,0.5875,0.04017560301048646,1.1253152589152147,80,6,6,6,0,0
