N,group,n_interventions,mean_delta_layer_count,mean_delta_log_H,mean_abs_delta_log_H,std_abs_delta_log_H
14,split,303,1.0,-0.969938150051225,0.969938150051225,0.4137349797560019
14,no-split,266,0.0,-0.5906606228665099,0.5906606228665099,0.33040211350635
16,split,297,1.0,-1.0234958236504372,1.0234958236504372,0.4851560821002739
16,no-split,297,0.0,-0.5611527812141173,0.5611527812141173,0.3465170505443722
