n_perm,n_blocks,obs_mean_spearman,p_abs_mean_spearman,icg_variant,n,keep_ratio,gamma
1000.0,11.0,-0.3714285714285714,0.001998001998001998,drift,52.0,0.6,0.2
1000.0,11.0,0.677922077922078,0.000999000999000999,full,52.0,0.6,0.2
1000.0,11.0,0.5532467532467533,0.000999000999000999,no_switch,52.0,0.6,0.2
1000.0,11.0,0.47532467532467526,0.000999000999000999,rank,52.0,0.6,0.2
1000.0,11.0,0.5792207792207792,0.000999000999000999,switch,52.0,0.6,0.2
