n_blocks_total,n_perm,blockperm_obs_abs_mean_spearman,blockperm_p_abs_mean_spearman,icg_variant,n_blocks,mean_spearman_obs
55.0,20000.0,0.38285714285714284,4.999750012499375e-05,drift,11.0,-0.3714285714285714
55.0,20000.0,0.38285714285714284,4.999750012499375e-05,full,11.0,0.677922077922078
55.0,20000.0,0.38285714285714284,4.999750012499375e-05,no_switch,11.0,0.5532467532467533
55.0,20000.0,0.38285714285714284,4.999750012499375e-05,rank,11.0,0.47532467532467526
55.0,20000.0,0.38285714285714284,4.999750012499375e-05,switch,11.0,0.5792207792207792
