eps_mean,eps_std,eps_ci95_lo,eps_ci95_hi,B1_2B0_mean,B1_2B0_std,B1_2B0_ci95_lo,B1_2B0_ci95_hi
0.06560477736485393,0.006068133555745797,0.05346232057399545,0.07734100847515263,1.9996690201962934,0.012645260417318494,1.9727556408379825,2.0226435617738927
