epsilon,B0,B1,R2,RMSE
0.06572546684924278,0.9342745331507573,0.13145093369848557,0.9921651578510725,0.04726692711190026
