B0,B1,R2,RMSE,B1_plus_2B0,epsilon,B1_over_2eps
0.93426693589911,0.1315248409442,0.9921651629901581,0.047266911610067436,2.00005871274242,0.06573306410088997,1.0004465997684966
