d_out,ε_con,B0_unc,B1_unc,B1+2B0_unc,RMSE_constrained,RMSE_unconstrained
2,0.06473551501245049,0.9415898026686627,0.08066662068793996,1.9638462260252654,0.0332654916057323,0.06495150497141837
3,0.06512302491604811,0.9340448388811798,0.14196705849648816,2.0100567362588477,0.052590132276681696,0.05528913774059668
4,0.06399200221200338,0.9356374239202597,0.13392193203129407,2.0051967798718136,0.05042884486293553,0.05140082064285461
5,0.07357594886128244,0.9253619881310985,0.1535834171473683,2.004307393409565,0.058082817043456976,0.05925364732484925
