d,p_d,corr_h0_Pocc,cond_number,B0_unc,B1_unc,B1+2B0,eps_con,mean_h/h0
2,0.49956,0.8681960719853934,16.673683289567805,0.9290035267456574,0.1624360333386345,2.020443086829949,0.1100935589613291,1.0331260117586771
3,0.29071,0.9906326393081497,63.66317596970114,1.1690855092135455,-0.5182265955731801,1.819944422853911,0.08206676901926581,0.9843794037952198
4,0.1750125,0.9921877343021654,31.99183437056245,1.0289995171401083,-0.4270557154520812,1.6309433188281353,0.06985756874021187,0.9579348141193252
5,0.1049675,0.9775776849427099,69.59258362623378,1.0091549619921925,-1.0962591880038137,0.9220507359805712,0.06144391325921275,0.9511921331070375
