n_blocks_total,n_perm,blockperm_obs_abs_mean_spearman,blockperm_p_abs_mean_spearman,icg_variant,n_blocks,mean_spearman_obs
55.0,20000.0,0.0348051948051948,0.5719214039298035,drift,11.0,-0.02857142857142857
55.0,20000.0,0.0348051948051948,0.5719214039298035,full,11.0,0.06493506493506493
55.0,20000.0,0.0348051948051948,0.5719214039298035,no_switch,11.0,0.033766233766233764
55.0,20000.0,0.0348051948051948,0.5719214039298035,rank,11.0,0.033766233766233764
55.0,20000.0,0.0348051948051948,0.5719214039298035,switch,11.0,0.07012987012987013
