n_perm,n_blocks,obs_mean_spearman,p_abs_mean_spearman,icg_variant,n,keep_ratio,gamma
1000.0,11.0,-0.028571428571428577,0.8131868131868132,drift,52.0,0.75,0.2
1000.0,11.0,0.06493506493506493,0.6313686313686314,full,52.0,0.75,0.2
1000.0,11.0,0.033766233766233764,0.8161838161838162,no_switch,52.0,0.75,0.2
1000.0,11.0,0.033766233766233764,0.8171828171828172,rank,52.0,0.75,0.2
1000.0,11.0,0.07012987012987013,0.6373626373626373,switch,52.0,0.75,0.2
