icg_variant,n_points,slopes,abs_slopes,monotonic_increasing,trend_slope_per_N,trend_r,trend_p
full,3,"{30: '+3.3130', 40: '+1.4782', 52: '+1.5058'}","{30: '3.3130', 40: '1.4782', 52: '1.5058'}",False,-0.07935992634552078,-0.8313908637486781,0.3750902272427488
switch,3,"{30: '+2.4664', 40: '+1.2972', 52: '+1.2193'}","{30: '2.4664', 40: '1.2972', 52: '1.2193'}",False,-0.055033438469560464,-0.8676981959053978,0.3311972572209448
no_switch,3,"{30: '+2.7550', 40: '+1.5855', 52: '+1.3534'}","{30: '2.7550', 40: '1.5855', 52: '1.3534'}",False,-0.062245364684047275,-0.9127068833127862,0.26797617005408325
