icg_variant,n,n_obs,ols_slope,pearson_r,pearson_p,spearman_rho,spearman_p
full,30,240,3.241691722486054,0.8250734008362484,6.138533948599744e-61,0.7983074303673251,2.494066427486084e-54
full,40,240,1.4363082568044057,0.668266492871186,2.039616405317859e-32,0.7106832844393979,3.2388964175801556e-38
full,52,240,1.509951013000886,0.7747354731359027,2.7554394551018417e-49,0.7982919129788858,2.5144694834695224e-54
switch,30,240,2.382391141624924,0.8391529814247267,6.938585717350426e-65,0.8301418177947373,2.5656969290855143e-62
switch,40,240,1.2298078919744282,0.6503783792781805,3.007666838476999e-30,0.700967136512272,8.492007133091892e-37
switch,52,240,1.2025390778452152,0.7316632190870601,1.7275085678465764e-41,0.7419845885170394,3.24668527456748e-43
no_switch,30,240,2.757699079629147,0.8503079399887891,2.7140584167367756e-68,0.8554021940278418,6.077662290366557e-70
no_switch,40,240,1.4804969074583174,0.6853302424208014,1.24605693221675e-34,0.7578048299018999,5.006177842075285e-46
no_switch,52,240,1.292156058963026,0.7733442246418514,5.231605964265329e-49,0.7825574767259436,6.866188669579275e-51
