n,icg_variant,mean_slope,sd_slope,mean_r,n_blocks
30,full,3.3129988732243207,1.2064046186050146,0.8824559788885947,40
30,no_switch,2.7550115111696964,1.0269996277146993,0.8681917257503269,40
30,switch,2.466448809962249,0.8928808879714064,0.8836912742862388,40
40,full,1.4781727289977797,0.31976539181555325,0.6848784949802457,39
40,no_switch,1.5855315858532864,0.42881965655463067,0.7077816489369847,37
40,switch,1.2972258349102272,0.2950854030993185,0.6680740495737948,38
52,full,1.5058318535774913,0.5420739421793782,0.7816838525853745,40
52,no_switch,1.3534354717397188,0.39955178097854843,0.8044922348075696,38
52,switch,1.2193079524344823,0.5307090315605844,0.7417990379242839,39
