n_perm,n_blocks,obs_mean_spearman,p_abs_mean_spearman,icg_variant,n,keep_ratio,gamma
200000.0,11.0,0.677922077922078,4.9999750001249995e-06,full,52.0,0.6,0.2
200000.0,11.0,0.5532467532467533,1.4999925000374999e-05,no_switch,52.0,0.6,0.2
200000.0,11.0,0.5792207792207792,9.999950000249999e-06,switch,52.0,0.6,0.2
