component,partial_pearson,partial_spearman,permutation_p,n
layer_count,0.39949769458981615,0.3772708962001582,0.0004997501249375312,320
mean_layer_gap,0.36086765620825073,0.32174252189962793,0.0004997501249375312,320
long_edge_fraction,0.3911051704405412,0.3775964609029385,0.0004997501249375312,320
adjacent_edge_fraction,-0.3278439364187274,-0.3617247238742566,0.0004997501249375312,320
reduction_edge_density,0.03746371119269166,0.04864573872791726,0.5087456271864068,320
cover_density,0.03746371119269166,0.04864573872791726,0.5087456271864068,320
layer_signature_redundancy,-0.5928841648484762,-0.6043315852693874,0.0004997501249375312,320
