variant,right_family,mean_margin,min_margin,max_margin,lor4d_win_rate
A2_full,lorentzian_like_2d,24.77836640477433,-20.767845367131045,60.406184675850156,0.7142857142857143
A2_full,lorentzian_like_3d,0.06196190917668516,-28.765042719457057,21.94080355032324,0.5714285714285714
A2_replace_dim_with_consistency,lorentzian_like_2d,52.358344617812115,41.5071808255624,60.406184675850156,1.0
A2_replace_dim_with_consistency,lorentzian_like_3d,16.094049336543037,9.442555891561113,21.94080355032324,1.0
A2_replace_dim_with_multi_consistency,lorentzian_like_2d,52.18203092860201,41.14828996590798,60.406184675850156,1.0
A2_replace_dim_with_multi_consistency,lorentzian_like_3d,16.012815013871847,9.307065048761075,21.94080355032324,1.0
