N,type,n,mean_delta_layer_count,mean_delta_log_H,mean_abs_delta_log_H,frac_positive_delta_log_H
14,critical,107,-1.0841121495327102,1.4220673549965375,1.4220673549965375,1.0
14,non_critical,955,0.0,0.333620902413829,0.333620902413829,1.0
16,critical,103,-1.116504854368932,1.6226578748640057,1.6226578748640057,1.0
16,non_critical,1184,0.0,0.3071459224772335,0.3071459224772335,1.0
