n_perm,n_blocks,obs_mean_spearman,p_abs_mean_spearman,icg_variant,n,keep_ratio,gamma
200000.0,11.0,0.7382303457118545,4.9999750001249995e-06,full,30.0,0.6,0.2
200000.0,11.0,0.6150241737206993,4.9999750001249995e-06,full,52.0,0.6,0.2
200000.0,11.0,0.7266143317711995,4.9999750001249995e-06,no_switch,30.0,0.6,0.2
200000.0,11.0,0.5531918758223017,4.9999750001249995e-06,no_switch,52.0,0.6,0.2
200000.0,11.0,0.7406100925966027,4.9999750001249995e-06,switch,30.0,0.6,0.2
200000.0,11.0,0.5643774472271627,4.9999750001249995e-06,switch,52.0,0.6,0.2
