rs,N,rep,r_min_factor,r_max_factor,mean_K,median_K,std_K,max_K,n_causal_pairs,C_0,C_1,C_2,C_3,C_4,bd_ratio,n_layers,layer_ratio,mean_layer_width,layer_width_std,layer_width_cv,max_layer_width_ratio,layer_entropy
0.0,128,0,1.5,10.0,0.0,0.0,0.0,0.0,4048,435,317,291,208,198,0.05351870078740158,15.0,0.1171875,8.533333333333333,2.704728370013439,0.31696035586094984,0.1171875,2.652335689721067
0.0,128,1,1.5,10.0,0.0,0.0,0.0,0.0,4331,444,330,268,218,226,0.054625984251968504,16.0,0.125,8.0,3.1024184114977142,0.3878023014372143,0.0859375,2.6746195607328502
0.0,128,2,1.5,10.0,0.0,0.0,0.0,0.0,4235,463,334,253,230,212,0.05696358267716536,16.0,0.125,8.0,2.6457513110645907,0.33071891388307384,0.1015625,2.7168855653403057
0.5,128,0,1.5,10.0,0.5230455400424423,0.002797555152002723,2.0895261203788476,15.271387584051572,5649,429,258,286,206,205,0.052780511811023625,23.0,0.1796875,5.565217391304348,1.8374388355752556,0.3301647907674287,0.078125,3.076101701415788
0.5,128,1,1.5,10.0,0.7943311616663669,0.016055202829743022,2.3099637912515347,16.583958568852527,5645,408,318,274,221,202,0.05019685039370079,21.0,0.1640625,6.095238095238095,1.7969487870584007,0.29481191037676885,0.0703125,2.9944887760385996
0.5,128,2,1.5,10.0,0.4735888326457078,0.005572356767931046,1.685718574967041,11.862171854116477,5648,412,280,242,214,219,0.050688976377952756,21.0,0.1640625,6.095238095238095,1.8999940326914286,0.3117177709884375,0.078125,2.9927413736754858
2.0,128,0,1.5,10.0,0.0018268549972259452,2.0457461539663517e-05,0.007800375176364599,0.057372554191194816,2245,379,288,229,173,163,0.046628937007874016,12.0,0.09375,10.666666666666666,4.20977698010503,0.39466659188484654,0.1328125,2.392529662639403
2.0,128,1,1.5,10.0,0.0027103966337034876,1.5369769978366258e-05,0.009283677958279097,0.06053266111421985,2152,378,253,209,181,152,0.046505905511811024,11.0,0.0859375,11.636363636363637,3.844068093066541,0.3303496017479059,0.125,2.3318475840357324
2.0,128,2,1.5,10.0,0.0021540332263201363,3.991573971095483e-05,0.008427007909498336,0.06499175996421928,2102,369,267,215,177,159,0.0453986220472441,12.0,0.09375,10.666666666666666,4.8362060428489695,0.4533943165170909,0.1484375,2.3813476885896314
