model,params,AIC,asymptotic_gamma_c,asymptotic_95ci_lo,asymptotic_95ci_hi,decay_exponent,slope,slope_se,slope_p
constant,1,-22.958417778263147,0.528134164861163,0.31164490108683496,0.7446234286354911,,,,
power_decay,3,-20.888301211361096,-302.1630863518282,,,0.0009198587163168266,,,
linear,2,-23.04503480396031,,,,,-0.011687705075625566,0.008578550754072179,0.21017737877734885
