feature,mean_baseline_zeta_cross,mean_best_zeta_cross,mean_reduction_abs,mean_reduction_pct,min_best_zeta_cross,max_best_zeta_cross
layer_count_adv_scaled,4.942330440779404,-0.19670264160475845,5.139033082384162,1.0865113043870516,-0.9069703285822958,0.5972629029394343
hierarchy_integration_adv_scaled,4.942330440779404,-0.11966571242539521,5.0619961532048,1.0668603097086125,-0.7902122314754613,0.6595438090197973
layer_count_gap_joint_adv_scaled,4.942330440779404,0.028332513804749843,4.9139979269746545,1.0323799154448003,-0.6488168765449106,0.7962031178506748
mean_layer_gap_adv_scaled,4.942330440779404,0.47993799481064553,4.462392445968759,0.9306484548180447,-0.25212662212054887,1.2801379619477338
