n_perm,n_blocks,obs_mean_spearman,p_abs_mean_spearman,icg_variant,n,keep_ratio,gamma
200000.0,11.0,0.6987012987012986,4.9999750001249995e-06,full,30.0,0.6,0.2
200000.0,11.0,0.625974025974026,4.9999750001249995e-06,no_switch,30.0,0.6,0.2
200000.0,11.0,0.6935064935064935,4.9999750001249995e-06,switch,30.0,0.6,0.2
