n,keep_ratio,gamma,icg_variant,n_blocks,n_perm,obs_mean_spearman_raw,p_abs_mean_spearman_raw,obs_mean_spearman_partial_lc_gap,p_abs_mean_spearman_partial_lc_gap,obs_mean_spearman_partial_lc,p_abs_mean_spearman_partial_lc,obs_mean_spearman_partial_gap,p_abs_mean_spearman_partial_gap,mean_spearman_icg_layer_count,mean_spearman_icg_mean_layer_gap
30,0.6,0.2,full,11.0,5000.0,0.7382303457118545,0.0001999600079984003,0.8276834419178282,0.0001999600079984003,0.8101098766739567,0.0001999600079984003,0.8101098766739567,0.0001999600079984003,-0.14285714285714282,-0.14285714285714282
30,0.6,0.2,no_switch,11.0,5000.0,0.7266143317711994,0.0001999600079984003,0.7548672334828438,0.0001999600079984003,0.7441688324574226,0.0001999600079984003,0.7441688324574226,0.0001999600079984003,-0.08571428571428573,-0.08571428571428573
30,0.6,0.2,switch,11.0,5000.0,0.7406100925966027,0.0001999600079984003,0.798977364790359,0.0001999600079984003,0.7814037995464873,0.0001999600079984003,0.7814037995464873,0.0001999600079984003,-0.14285714285714282,-0.14285714285714282
52,0.6,0.2,full,11.0,5000.0,0.6150241737206991,0.0001999600079984003,0.7026943352098309,0.0001999600079984003,0.7330645208546765,0.0001999600079984003,0.7330645208546765,0.0001999600079984003,-0.02857142857142857,-0.02857142857142857
52,0.6,0.2,no_switch,11.0,5000.0,0.5531918758223017,0.0001999600079984003,0.5366587152488491,0.0001999600079984003,0.5973990865385402,0.0001999600079984003,0.5973990865385402,0.0001999600079984003,-0.02857142857142857,-0.02857142857142857
52,0.6,0.2,switch,11.0,5000.0,0.5643774472271627,0.0001999600079984003,0.5876901054431024,0.0001999600079984003,0.6484304767327934,0.0001999600079984003,0.6484304767327934,0.0001999600079984003,-0.02857142857142857,-0.02857142857142857
