n,width_lower,width_upper,comp_lower,comp_upper
56,9.0,13.0,0.4444805194805195,0.5451623376623376
