n_perm,n_blocks,obs_mean_spearman,p_abs_mean_spearman,icg_variant,n,keep_ratio,gamma
200000.0,11.0,0.625974025974026,4.9999750001249995e-06,full,40.0,0.6,0.8
200000.0,11.0,0.8181818181818182,4.9999750001249995e-06,no_switch,40.0,0.6,0.8
200000.0,11.0,0.6883116883116883,4.9999750001249995e-06,switch,40.0,0.6,0.8
