family,n,seed,elapsed_seconds,log10_count,comparable_fraction,antichain_width,antichain_width_ratio,height_ratio,width_ratio
lorentzian_like_2d,60,14060,1.4161254999999073,41,0.5033898305084745,12,0.2,0.2,0.16666666666666666
lorentzian_like_2d,64,14064,3.278229800002009,47,0.466765873015873,12,0.1875,0.15625,0.171875
lorentzian_like_2d,68,14068,3.6868840999959502,51,0.45258999122036875,12,0.17647058823529413,0.14705882352941177,0.14705882352941177
lorentzian_like_2d,72,14072,3.8400227000020095,53,0.5066510172143975,11,0.1527777777777778,0.1527777777777778,0.1388888888888889
