n_blocks_total,n_perm,blockperm_obs_abs_mean_spearman,blockperm_p_abs_mean_spearman,icg_variant,n_blocks,mean_spearman_obs
330.0,20000.0,0.14614718614718614,4.999750012499375e-05,drift,66.0,-0.4008658008658008
330.0,20000.0,0.14614718614718614,4.999750012499375e-05,full,66.0,0.3593073593073593
330.0,20000.0,0.14614718614718614,4.999750012499375e-05,no_switch,66.0,0.23290043290043289
330.0,20000.0,0.14614718614718614,4.999750012499375e-05,rank,66.0,0.21558441558441557
330.0,20000.0,0.14614718614718614,4.999750012499375e-05,switch,66.0,0.3238095238095238
