feature,target,n_samples,pearson,spearman,permutation_p
hii,cg_switch_rate,92,-0.819669889096174,-0.5801519658462155,0.0004997501249375312
layer_count,cg_switch_rate,92,-0.8736545729676328,-0.6237535255768075,0.0004997501249375312
mean_layer_gap,cg_switch_rate,92,-0.8467952893770482,-0.7070727309156482,0.0004997501249375312
long_edge_fraction,cg_switch_rate,92,-0.8029481684047783,-0.5554151318527195,0.0004997501249375312
hii,log_H,92,0.1819289825187022,0.20933064130820092,0.0879560219890055
layer_count,log_H,92,-0.016599472972517983,0.14874466347117118,0.872063968015992
mean_layer_gap,log_H,92,0.023304574241788334,-0.026308894471587317,0.8185907046476761
long_edge_fraction,log_H,92,0.1777984245806357,0.17878334848881833,0.0944527736131934
