n_blocks_total,n_perm,blockperm_obs_abs_mean_spearman,blockperm_p_abs_mean_spearman,icg_variant,n_blocks,mean_spearman_obs
330.0,20000.0,0.3430303030303031,4.999750012499375e-05,drift,66.0,-0.3696969696969697
330.0,20000.0,0.3430303030303031,4.999750012499375e-05,full,66.0,0.6190476190476191
330.0,20000.0,0.3430303030303031,4.999750012499375e-05,no_switch,66.0,0.4623376623376624
330.0,20000.0,0.3430303030303031,4.999750012499375e-05,rank,66.0,0.45194805194805193
330.0,20000.0,0.3430303030303031,4.999750012499375e-05,switch,66.0,0.5515151515151515
