n_perm,n_blocks,obs_mean_spearman,p_abs_mean_spearman,icg_variant,n,keep_ratio,gamma
200000.0,11.0,0.29870129870129875,0.025659871700641497,full,30.0,0.6,0.8
200000.0,11.0,-0.0025974025974026486,0.9693051534742326,no_switch,30.0,0.6,0.8
200000.0,11.0,0.0025974025974026234,0.9704451477742612,switch,30.0,0.6,0.8
