feature,mean,std,min,max
locality_dominance_delta_index,5.7120244861316,1.897605050087996,2.188177339901478,8.84613048627901
hierarchy_integration_delta_index,-5.663718526714856,1.886181045081924,-8.773403213551736,-2.14679802955665
layer_count_delta_mlr_minus_lor2d,-4.1,1.3439205515876271,-6.0,-2.0
mean_layer_gap_delta_mlr_minus_lor2d,-1.4414950165066702,0.5468735434078444,-2.6310206384402437,-0.22660098522167482
adjacent_edge_fraction_delta_mlr_minus_lor2d,0.07318824495827887,0.026072020063183782,-0.029556650246305383,0.10915284474074759
long_edge_fraction_delta_mlr_minus_lor2d,-0.07318824495827886,0.026072020063183772,-0.1091528447407476,0.029556650246305383
reduction_edge_density_delta_mlr_minus_lor2d,0.024152979708371717,0.012656922211633257,0.0,0.05977011494252871
cover_density_delta_mlr_minus_lor2d,0.024152979708371717,0.012656922211633257,0.0,0.05977011494252871
layer_signature_redundancy_delta_mlr_minus_lor2d,-0.027004883586431175,0.028691921194245282,-0.0928571428571428,0.0619047619047619
