n_perm,n_blocks,obs_mean_spearman,p_abs_mean_spearman,icg_variant,n,keep_ratio,gamma
200000.0,11.0,0.5064935064935064,6.999965000175e-05,full,30.0,0.6,0.8
200000.0,11.0,0.4753246753246753,0.00029499852500737496,no_switch,30.0,0.6,0.8
200000.0,11.0,0.44415584415584414,0.00076999615001925,switch,30.0,0.6,0.8
