N,slope,intercept,r,p,se,n_obs
10,-1.2690988155717138,14.424052894949766,-0.7741809177453208,3.6003069113587956e-51,0.06588801242806126,250
12,-1.4516628459309147,18.69562799770697,-0.7916758420847327,5.402385479742e-55,0.07113642979331167,250
14,-1.382044235557421,22.132974515874807,-0.7171851587440023,8.925159135609666e-41,0.08527553856227355,250
16,-1.5821159590147955,26.59342624865969,-0.7356826363519018,7.482231697587364e-44,0.09249536518911627,250
18,-1.941430049527269,31.480579982192214,-0.7920739068137344,4.378585048634381e-55,0.09500854239841114,250
20,-2.0703266183378695,36.020590122929484,-0.8303870493417704,6.200949520115587e-65,0.08821317020463765,250
