family,n_treatment,n_placebo,mean_abs_dlogH_treatment,mean_abs_dlogH_placebo,treatment_split_rate,placebo_split_rate,welch_t,welch_p,cohens_d
Lor2D,799,800,0.7800658204547268,0.2590297059268043,0.5156445556946183,0.0,27.90909885735069,2.4965293490303444e-133,1.3963627022477871
Lor3D,800,800,0.7432738718757786,0.27133852301052774,0.48875,0.0,29.74467483790272,3.619177392513166e-148,1.4872337418951362
Lor4D,800,797,0.7446669390026364,0.2751238466952056,0.5925,0.0,36.684714411202656,7.011255101168692e-199,1.8340174994559963
