n,gamma_min,gamma_max,status,delta_at_gamma_min,delta_at_gamma_max,abs_gap_at_gamma_max,gamma_at_min_abs_gap,min_abs_gap,kr_mean_score_at_gamma_max,lor2d_mean_score_at_gamma_max,kr_mean_penalty,lor2d_mean_penalty,kr_mean_log_H,lor2d_mean_log_H,source_csv
52,0.0,2.0,no_cross_kr_favored,-29.624414665803783,-0.2012450209107186,0.2012450209107186,2.0,0.2012450209107186,-78.11985726406546,-77.91861224315474,15.311314769587344,0.599729947140815,108.74248680324015,79.11807213743637,D:/Kiro/理论体系/poset_phase/outputs_exploratory/prediction_a_n52_mixed/prediction_a_ablation_summary.csv
56,0.0,2.0,no_cross_kr_favored,-33.32890561918393,-0.8393485303596719,0.8393485303596719,2.0,0.8393485303596719,-87.28963925364931,-86.45029072328964,16.71702447238763,0.4722459279755101,120.72368819842458,87.39478257924065,D:/Kiro/理论体系/poset_phase/outputs_exploratory/prediction_a_n56_mixed/prediction_a_ablation_summary.csv
60,0.0,2.0,no_cross_kr_favored,-38.5986026862149,-6.442071636769938,6.442071636769938,2.0,6.442071636769938,-98.5257131099583,-92.08364147318837,17.05039565194365,0.9721301272211832,132.62650441384562,94.02790172763072,D:/Kiro/理论体系/poset_phase/outputs_exploratory/prediction_a_n60_mixed/prediction_a_ablation_summary.csv
64,0.0,2.0,no_cross_kr_favored,-40.97210257234656,-6.064412440394619,6.064412440394619,2.0,6.064412440394619,-109.37065575745206,-103.30624331705744,17.916516016277683,0.4626709503017094,145.20368779000742,104.23158521766086,D:/Kiro/理论体系/poset_phase/outputs_exploratory/prediction_a_n64_mixed/prediction_a_ablation_summary.csv
68,0.0,2.0,no_cross_kr_favored,-42.72510012175297,-6.891581022915375,6.891581022915375,2.0,6.891581022915375,-120.9987158552642,-114.10713483234882,18.33268960897651,0.4159300595577233,157.66409507321725,114.93899495146428,D:/Kiro/outputs_exploratory/prediction_a_n68_mixed/prediction_a_ablation_summary.csv
72,0.0,2.0,no_cross_kr_favored,-49.722348709913945,-12.771857155268322,12.771857155268322,2.0,12.771857155268322,-133.00929173334202,-120.2374345780737,18.9389310724673,0.4636852951444788,170.88715387827662,121.16480516836268,D:/Kiro/理论体系/poset_phase/outputs_exploratory/prediction_a_n72_mixed/prediction_a_ablation_summary.csv
