n,keep_ratio,gamma,icg_variant,n_blocks,n_perm,obs_mean_spearman_raw,p_abs_mean_spearman_raw,obs_mean_spearman_partial_lc_gap,p_abs_mean_spearman_partial_lc_gap,obs_mean_spearman_partial_lc,p_abs_mean_spearman_partial_lc,obs_mean_spearman_partial_gap,p_abs_mean_spearman_partial_gap,mean_spearman_icg_layer_count,mean_spearman_icg_mean_layer_gap
30,0.6,0.2,full,11.0,20000.0,0.7807704652821869,4.999750012499375e-05,0.8294088949941479,4.999750012499375e-05,0.8367621513009909,4.999750012499375e-05,0.8367621513009909,4.999750012499375e-05,-0.3142857142857142,-0.3142857142857142
30,0.6,0.2,no_switch,11.0,20000.0,0.7162263852978464,4.999750012499375e-05,0.7087342182190276,4.999750012499375e-05,0.7143714691534109,4.999750012499375e-05,0.7143714691534109,4.999750012499375e-05,-0.14285714285714282,-0.14285714285714282
30,0.6,0.2,switch,11.0,20000.0,0.8104127288128585,4.999750012499375e-05,0.8251933162220609,4.999750012499375e-05,0.8312539922199398,4.999750012499375e-05,0.8312539922199398,4.999750012499375e-05,-0.2,-0.2
