n,n_cg,keep_ratio,gamma,action_mode,family,mean_score_local,mean_score_augmented,mean_score_augmented_full,mean_penalty_cg,mean_penalty_global_consistency,mean_self_drift,family_switch_rate,mean_rank_shift,mean_gc_var_comp,mean_gc_var_d_eff,count,rank_local,rank_augmented_cg,rank_augmented_full,rank_delta_due_to_cg_penalty,rank_delta_due_to_full_penalty
52,34,0.65,0.2,A2,KR_like,-56.993029758119874,-56.87288241940437,-56.87288241940437,0.12014733871549792,0.005426829306076531,0.007014733871549791,0.025,0.025,0.0,5.916456789157588e-32,80,1,1,1,0,0
52,34,0.65,0.2,A2,transitive_percolation,-55.908979450312984,-55.62593173844984,-55.62593173844984,0.28304771186313343,0.010199359785864035,0.01017977118631334,0.0875,0.1,0.045034525197353334,0.7942860903226276,80,2,2,2,0,0
52,34,0.65,0.2,A2,multi_layer_random,-55.56859870513257,-53.69512528803231,-53.69512528803231,1.8734734171002638,0.009878748511301176,0.007972341710026382,0.6375,1.675,0.024757098848255294,0.7815449683994761,80,3,3,3,0,0
52,34,0.65,0.2,A2,interval_order,-47.263593098102284,-46.53489258693712,-46.53489258693712,0.7287005111651597,4.92230107772991e-05,0.00912005111651596,0.2625,0.4875,0.033752163171960683,1.140738227890431,80,4,4,4,0,0
52,34,0.65,0.2,A2,random_layered_k6_uniform,-46.538821647334814,-44.85870128523888,-44.85870128523888,1.6801203620959388,0.002090050133497441,0.008012036209593879,0.775,0.875,0.025609208680069447,0.8439992033658383,80,5,5,5,0,0
52,34,0.65,0.2,A2,lorentzian_like_2d,-44.3943449462233,-43.34890516153623,-43.34890516153623,1.0454397846870707,0.0011844973438807046,0.005168978468707067,0.3875,0.825,0.03948732284158072,1.1216325893265844,80,6,6,6,0,0
