beta_h0_nonlink_m1,beta_nonlink_m1,beta_h0_m1,beta_m1,beta_h0_nonlink_m1_std,beta_nonlink_m1_std,beta_std_mu,xi45_obs_median,xi45_nonlink_m1_median,xi45_m1_median,xi45_nonlink_m1_std_median,rel_err_nonlink_m1,rel_err_m1,rel_err_nonlink_m1_std
0.93426693589911,0.13152484094420003,0.9515368108014618,0.015588246055831017,0.9355408193152965,0.11449037422014674,0.0028359773796323984,11.34984150960189,11.325730830607682,9.24529655891662,11.086394623734897,0.002124318561964893,0.1854250518744988,0.02321150349492704
