n_blocks_total,n_perm,blockperm_obs_abs_mean_spearman,blockperm_p_abs_mean_spearman,icg_variant,n_blocks,mean_spearman_obs
1540.0,2000.0,0.24682745825602972,0.0004997501249375312,drift,308.0,-0.019294990723562153
1540.0,2000.0,0.24682745825602972,0.0004997501249375312,full,308.0,0.38441558441558443
1540.0,2000.0,0.24682745825602972,0.0004997501249375312,no_switch,308.0,0.24526901669758813
1540.0,2000.0,0.24682745825602972,0.0004997501249375312,rank,308.0,0.2820037105751392
1540.0,2000.0,0.24682745825602972,0.0004997501249375312,switch,308.0,0.3417439703153989
