n,width_lower,width_upper,comp_lower,comp_upper
56,9.0,15.0,0.4142857142857143,0.5668831168831169
