feature,mean,std,min,max
locality_dominance_delta_index,5.181664760387396,1.93423388146221,2.188177339901478,8.572462653552485
hierarchy_integration_delta_index,-5.136759202802567,1.9240312082437028,-8.492124387167706,-2.14679802955665
layer_count_delta_mlr_minus_lor2d,-3.742857142857143,1.4004801097534825,-6.0,-2.0
mean_layer_gap_delta_mlr_minus_lor2d,-1.2798874016230208,0.5262366233148177,-2.340015352943229,-0.22660098522167482
adjacent_edge_fraction_delta_mlr_minus_lor2d,0.06823371855740883,0.028090606638506946,-0.029556650246305383,0.10534121320249781
long_edge_fraction_delta_mlr_minus_lor2d,-0.06823371855740883,0.028090606638506935,-0.10534121320249779,0.029556650246305383
reduction_edge_density_delta_mlr_minus_lor2d,0.022452778792414443,0.013341319046979943,0.0,0.05977011494252871
cover_density_delta_mlr_minus_lor2d,0.022452778792414443,0.013341319046979943,0.0,0.05977011494252871
layer_signature_redundancy_delta_mlr_minus_lor2d,-0.02636677636422532,0.03243703923882759,-0.0928571428571428,0.0619047619047619
