n_blocks_total,n_perm,blockperm_obs_abs_mean_spearman,blockperm_p_abs_mean_spearman,icg_variant,n_blocks,mean_spearman_obs
330.0,20000.0,0.2993939393939394,4.999750012499375e-05,drift,66.0,-0.23116883116883116
330.0,20000.0,0.2993939393939394,4.999750012499375e-05,full,66.0,0.5255411255411255
330.0,20000.0,0.2993939393939394,4.999750012499375e-05,no_switch,66.0,0.41125541125541126
330.0,20000.0,0.2993939393939394,4.999750012499375e-05,rank,66.0,0.4329004329004329
330.0,20000.0,0.2993939393939394,4.999750012499375e-05,switch,66.0,0.35844155844155845
