n_blocks_total,n_perm,blockperm_obs_abs_mean_spearman,blockperm_p_abs_mean_spearman,icg_variant,n_blocks,mean_spearman_obs
330.0,20000.0,0.4012121212121213,4.999750012499375e-05,drift,66.0,-0.1523809523809523
330.0,20000.0,0.4012121212121213,4.999750012499375e-05,full,66.0,0.6207792207792209
330.0,20000.0,0.4012121212121213,4.999750012499375e-05,no_switch,66.0,0.490909090909091
330.0,20000.0,0.4012121212121213,4.999750012499375e-05,rank,66.0,0.4813852813852814
330.0,20000.0,0.4012121212121213,4.999750012499375e-05,switch,66.0,0.5653679653679654
