n,n_cg,keep_ratio,gamma,action_mode,family,mean_score_local,mean_score_augmented,mean_score_augmented_full,mean_penalty_cg,mean_penalty_global_consistency,mean_self_drift,family_switch_rate,mean_rank_shift,mean_gc_var_comp,mean_gc_var_d_eff,count,rank_local,rank_augmented_cg,rank_augmented_full,rank_delta_due_to_cg_penalty,rank_delta_due_to_full_penalty
30,18,0.6,0.8,A2,random_layered_k6_uniform,-17.765894871087617,-15.832055339027903,-15.832055339027903,1.933839532059718,0.002404272530131773,0.021040203205971806,0.715625,1.3,0.03543927519845268,0.8060413740434113,320,1,1,1,0,0
30,18,0.6,0.8,A2,KR_like,-16.172806369657316,-15.781364119964916,-15.781364119964916,0.3914422496924007,0.0,0.014300474969240067,0.10625,0.178125,0.0,4.930380657631324e-33,320,3,2,2,-1,-1
30,18,0.6,0.8,A2,lorentzian_like_2d,-16.748932549090473,-15.051366407291933,-15.051366407291933,1.697566141798537,0.0021518861824247663,0.015225364179853724,0.671875,1.075,0.04457638211913263,1.20206972837311,320,2,3,3,1,1
30,18,0.6,0.8,A2,interval_order,-16.17170966263557,-15.031620235167505,-15.031620235167505,1.1400894274680664,0.00027661566568484093,0.025883942746806655,0.403125,0.553125,0.03299425128200085,1.0124120646648038,320,4,4,4,0,0
30,18,0.6,0.8,A2,multi_layer_random,-15.527949925727006,-13.29238280664118,-13.29238280664118,2.235567119085827,0.006834916735129844,0.020744211908582697,0.70625,1.9375,0.017129740053296632,0.5556724303467833,320,5,5,5,0,0
30,18,0.6,0.8,A2,transitive_percolation,2.1437495201414825,2.4640397553794595,2.4640397553794595,0.32029023523797756,1.526034508686597e-07,0.018279023523797754,0.034375,0.171875,0.0025021604938271604,0.04259831611680556,320,6,6,6,0,0
