n,width_lower,width_upper,comp_lower,comp_upper
52,9.0,12.0,0.44177978883861235,0.5507541478129714
