n_blocks_total,n_perm,blockperm_obs_abs_mean_spearman,blockperm_p_abs_mean_spearman,icg_variant,n_blocks,mean_spearman_obs
330.0,20000.0,0.3719480519480519,4.999750012499375e-05,drift,66.0,-0.15757575757575756
330.0,20000.0,0.3719480519480519,4.999750012499375e-05,full,66.0,0.5818181818181818
330.0,20000.0,0.3719480519480519,4.999750012499375e-05,no_switch,66.0,0.5186147186147188
330.0,20000.0,0.3719480519480519,4.999750012499375e-05,rank,66.0,0.4779220779220779
330.0,20000.0,0.3719480519480519,4.999750012499375e-05,switch,66.0,0.438961038961039
