source,n,n_cg,keep_ratio,gamma,action_mode,n_families,n_zetas,winner_switches,winner_persistence_frac,spearman_rank_continuity_mean,spearman_rank_continuity_min,zeta_lor2d_first_win
outputs_confirmatory/prediction_d_freeze_confirm_v4,30,18,0.6,0.2,A2,6.0,11.0,4.0,0.6363636363636364,0.6628571428571429,0.42857142857142855,
outputs_confirmatory/prediction_d_freeze_confirm_v4,30,18,0.6,0.8,A2,6.0,11.0,1.0,0.7272727272727273,0.9428571428571431,0.7714285714285715,0.0
outputs_confirmatory/prediction_d_freeze_confirm_v4,40,24,0.6,0.2,A2,6.0,11.0,5.0,0.5454545454545454,0.7657142857142858,0.6571428571428571,
outputs_confirmatory/prediction_d_freeze_confirm_v4,40,24,0.6,0.8,A2,6.0,11.0,1.0,0.7272727272727273,0.5657142857142858,0.14285714285714285,
outputs_confirmatory/prediction_d_freeze_confirm_v4,52,31,0.6,0.2,A2,6.0,11.0,5.0,0.5454545454545454,0.8914285714285715,0.7714285714285715,
outputs_confirmatory/prediction_d_freeze_confirm_v4,52,31,0.6,0.8,A2,6.0,11.0,1.0,0.7272727272727273,0.9142857142857143,0.7142857142857143,
