beta_h0_nonlink,beta_nonlink,beta_h0_c1,beta_c1,beta_h0_nonlink_hat,beta_nonlink_hat,xi45_obs_median,xi45_nonlink_median,xi45_c1_median,xi45_nonlink_hat_median,rel_err_nonlink,rel_err_c1,rel_err_nonlink_hat
0.9377842517351631,0.16753446760083485,0.9386857246647009,0.20207361767144988,0.9378285986289057,0.16694601285272093,11.34984150960189,10.373699390027122,9.972782640542405,10.32619067291117,0.08600491194074893,0.12132846682436062,0.09019076044583678
