a0_affine,a1_affine,r2_affine,b1_linear,r2_linear,c0_two_level,c1_two_level,c2_two_level,r2_two_level,mae_two_level
0.0195187855723243,1.1644720452343875,0.9694096055424567,1.2031502017192042,0.9678411424469269,-0.03179610462130015,0.44662370040098487,0.647437036394492,0.9954845621129436,0.01486106886266394
