n,keep_ratio,gamma,icg_variant,n_blocks,n_perm,obs_mean_spearman_raw,p_abs_mean_spearman_raw,obs_mean_spearman_partial_lc_gap,p_abs_mean_spearman_partial_lc_gap,obs_mean_spearman_partial_lc,p_abs_mean_spearman_partial_lc,obs_mean_spearman_partial_gap,p_abs_mean_spearman_partial_gap,mean_spearman_icg_layer_count,mean_spearman_icg_mean_layer_gap
52,0.6,0.2,full,11.0,20000.0,0.6150241737206991,4.999750012499375e-05,0.7026943352098309,4.999750012499375e-05,0.7330645208546765,4.999750012499375e-05,0.7330645208546765,4.999750012499375e-05,-0.02857142857142857,-0.02857142857142857
52,0.6,0.2,no_switch,11.0,20000.0,0.5531918758223017,4.999750012499375e-05,0.5366587152488491,0.00014999250037498125,0.5973990865385402,4.999750012499375e-05,0.5973990865385402,4.999750012499375e-05,-0.02857142857142857,-0.02857142857142857
52,0.6,0.2,switch,11.0,20000.0,0.5643774472271627,4.999750012499375e-05,0.5876901054431024,4.999750012499375e-05,0.6484304767327934,4.999750012499375e-05,0.6484304767327934,4.999750012499375e-05,-0.02857142857142857,-0.02857142857142857
