n_perm,n_blocks,obs_mean_spearman,p_abs_mean_spearman,icg_variant,n,keep_ratio,gamma
200000.0,11.0,0.522077922077922,2.9999850000749997e-05,full,40.0,0.6,0.8
200000.0,11.0,0.4025974025974026,0.0022999885000574995,no_switch,40.0,0.6,0.8
200000.0,11.0,0.5376623376623377,2.9999850000749997e-05,switch,40.0,0.6,0.8
